mechanism,band,environment,condition,bandwidth_mhz,test,phase,start_local,end_local,duration_s,phase_rate_per_sta_mbps,phase_rate_aggregate_mbps,phase_rate_role,phase_reference_rate_per_sta_mbps,phase_reference_rate_aggregate_mbps,reference_load_per_sta_mbps,reference_load_aggregate_mbps,reference_load_source,load_resolution_status,load_resolution_note,udp_ffmpeg_difference_pct,tcp_achieved_sender_mbps,tcp_achieved_receiver_mbps,tcp_sender_as_pct_of_reference,tcp_receiver_as_pct_of_reference,udp_offered_sender_mbps,udp_achieved_receiver_mbps,udp_reported_jitter_ms,udp_reported_loss_pct,ffmpeg_target_rate_mbps,nominal_test_load_per_sta_mbps,nominal_test_load_aggregate_mbps,tcp_sender_rate_mbps,tcp_receiver_rate_mbps,udp_sender_rate_mbps,udp_receiver_rate_mbps,source_test_dir,configuration_name,operating_mode,global_results_dir
iPCF2,24GHz,CamAne,SN,20,1,ffmpeg_udp,2025-11-25 10:49:29.000,2025-11-25 10:52:29.000,180.0,10.0,20.0,ffmpeg_sdp_target_rate,10.0,20.0,10.0,20.0,iperf3_udp_sender,OK_UDP_FFMPEG_MATCH,Reference load taken from rate-controlled UDP sender summary (10 Mbps/STA). ffmpeg target=10 Mbps/STA; difference=0.000% <= tolerance 2.000%. TCP is retained as achieved throughput and is not required to match the reference load.,0.0,10.0,10.0,100.0,100.0,10.0,10.0,0.818,0.0,10.0,10.0,20.0,10.0,10.0,10.0,10.0,D:\iPCF2_24GHz_CamAne_SN_BW20MHz\Prueba_Siemens2\Test 1,iPCF2_24GHz_CamAne_SN_BW20MHz,iPCF2_ON,C:\Users\rarriaga\Documents\ipcf_2 analisis\ALL_SN_RESULTS_FINAL\per_configuration\iPCF2_24GHz_CamAne_SN_BW20MHz
iPCF2,24GHz,CamAne,SN,20,1,idle,2025-11-25 10:40:30.000,2025-11-25 10:43:29.000,179.0,,,,,,10.0,20.0,iperf3_udp_sender,OK_UDP_FFMPEG_MATCH,Reference load taken from rate-controlled UDP sender summary (10 Mbps/STA). ffmpeg target=10 Mbps/STA; difference=0.000% <= tolerance 2.000%. TCP is retained as achieved throughput and is not required to match the reference load.,0.0,10.0,10.0,100.0,100.0,10.0,10.0,0.818,0.0,10.0,10.0,20.0,10.0,10.0,10.0,10.0,D:\iPCF2_24GHz_CamAne_SN_BW20MHz\Prueba_Siemens2\Test 1,iPCF2_24GHz_CamAne_SN_BW20MHz,iPCF2_ON,C:\Users\rarriaga\Documents\ipcf_2 analisis\ALL_SN_RESULTS_FINAL\per_configuration\iPCF2_24GHz_CamAne_SN_BW20MHz
iPCF2,24GHz,CamAne,SN,20,1,iperf_tcp,2025-11-25 10:43:29.000,2025-11-25 10:46:29.000,180.0,10.0,20.0,achieved_tcp_sender_throughput,10.0,20.0,10.0,20.0,iperf3_udp_sender,OK_UDP_FFMPEG_MATCH,Reference load taken from rate-controlled UDP sender summary (10 Mbps/STA). ffmpeg target=10 Mbps/STA; difference=0.000% <= tolerance 2.000%. TCP is retained as achieved throughput and is not required to match the reference load.,0.0,10.0,10.0,100.0,100.0,10.0,10.0,0.818,0.0,10.0,10.0,20.0,10.0,10.0,10.0,10.0,D:\iPCF2_24GHz_CamAne_SN_BW20MHz\Prueba_Siemens2\Test 1,iPCF2_24GHz_CamAne_SN_BW20MHz,iPCF2_ON,C:\Users\rarriaga\Documents\ipcf_2 analisis\ALL_SN_RESULTS_FINAL\per_configuration\iPCF2_24GHz_CamAne_SN_BW20MHz
iPCF2,24GHz,CamAne,SN,20,1,iperf_udp,2025-11-25 10:46:29.000,2025-11-25 10:49:29.000,180.0,10.0,20.0,controlled_udp_offered_rate,10.0,20.0,10.0,20.0,iperf3_udp_sender,OK_UDP_FFMPEG_MATCH,Reference load taken from rate-controlled UDP sender summary (10 Mbps/STA). ffmpeg target=10 Mbps/STA; difference=0.000% <= tolerance 2.000%. TCP is retained as achieved throughput and is not required to match the reference load.,0.0,10.0,10.0,100.0,100.0,10.0,10.0,0.818,0.0,10.0,10.0,20.0,10.0,10.0,10.0,10.0,D:\iPCF2_24GHz_CamAne_SN_BW20MHz\Prueba_Siemens2\Test 1,iPCF2_24GHz_CamAne_SN_BW20MHz,iPCF2_ON,C:\Users\rarriaga\Documents\ipcf_2 analisis\ALL_SN_RESULTS_FINAL\per_configuration\iPCF2_24GHz_CamAne_SN_BW20MHz
iPCF2,24GHz,CamAne,SN,20,4,ffmpeg_udp,2025-11-25 11:26:39.000,2025-11-25 11:29:39.000,180.0,20.0,40.0,ffmpeg_sdp_target_rate,20.0,40.0,20.0,40.0,iperf3_udp_sender,OK_UDP_FFMPEG_MATCH,Reference load taken from rate-controlled UDP sender summary (20 Mbps/STA). ffmpeg target=20 Mbps/STA; difference=0.000% <= tolerance 2.000%. TCP is retained as achieved throughput and is not required to match the reference load.,0.0,13.5,13.5,67.5,67.5,20.0,20.0,0.624,0.0,20.0,20.0,40.0,13.5,13.5,20.0,20.0,D:\iPCF2_24GHz_CamAne_SN_BW20MHz\Prueba_Siemens2\Test 4,iPCF2_24GHz_CamAne_SN_BW20MHz,iPCF2_ON,C:\Users\rarriaga\Documents\ipcf_2 analisis\ALL_SN_RESULTS_FINAL\per_configuration\iPCF2_24GHz_CamAne_SN_BW20MHz
iPCF2,24GHz,CamAne,SN,20,4,idle,2025-11-25 11:20:18.000,2025-11-25 11:20:38.000,20.0,,,,,,20.0,40.0,iperf3_udp_sender,OK_UDP_FFMPEG_MATCH,Reference load taken from rate-controlled UDP sender summary (20 Mbps/STA). ffmpeg target=20 Mbps/STA; difference=0.000% <= tolerance 2.000%. TCP is retained as achieved throughput and is not required to match the reference load.,0.0,13.5,13.5,67.5,67.5,20.0,20.0,0.624,0.0,20.0,20.0,40.0,13.5,13.5,20.0,20.0,D:\iPCF2_24GHz_CamAne_SN_BW20MHz\Prueba_Siemens2\Test 4,iPCF2_24GHz_CamAne_SN_BW20MHz,iPCF2_ON,C:\Users\rarriaga\Documents\ipcf_2 analisis\ALL_SN_RESULTS_FINAL\per_configuration\iPCF2_24GHz_CamAne_SN_BW20MHz
iPCF2,24GHz,CamAne,SN,20,4,iperf_tcp,2025-11-25 11:20:38.000,2025-11-25 11:23:38.000,180.0,13.5,27.0,achieved_tcp_sender_throughput,13.5,27.0,20.0,40.0,iperf3_udp_sender,OK_UDP_FFMPEG_MATCH,Reference load taken from rate-controlled UDP sender summary (20 Mbps/STA). ffmpeg target=20 Mbps/STA; difference=0.000% <= tolerance 2.000%. TCP is retained as achieved throughput and is not required to match the reference load.,0.0,13.5,13.5,67.5,67.5,20.0,20.0,0.624,0.0,20.0,20.0,40.0,13.5,13.5,20.0,20.0,D:\iPCF2_24GHz_CamAne_SN_BW20MHz\Prueba_Siemens2\Test 4,iPCF2_24GHz_CamAne_SN_BW20MHz,iPCF2_ON,C:\Users\rarriaga\Documents\ipcf_2 analisis\ALL_SN_RESULTS_FINAL\per_configuration\iPCF2_24GHz_CamAne_SN_BW20MHz
iPCF2,24GHz,CamAne,SN,20,4,iperf_udp,2025-11-25 11:23:38.000,2025-11-25 11:26:38.000,180.0,20.0,40.0,controlled_udp_offered_rate,20.0,40.0,20.0,40.0,iperf3_udp_sender,OK_UDP_FFMPEG_MATCH,Reference load taken from rate-controlled UDP sender summary (20 Mbps/STA). ffmpeg target=20 Mbps/STA; difference=0.000% <= tolerance 2.000%. TCP is retained as achieved throughput and is not required to match the reference load.,0.0,13.5,13.5,67.5,67.5,20.0,20.0,0.624,0.0,20.0,20.0,40.0,13.5,13.5,20.0,20.0,D:\iPCF2_24GHz_CamAne_SN_BW20MHz\Prueba_Siemens2\Test 4,iPCF2_24GHz_CamAne_SN_BW20MHz,iPCF2_ON,C:\Users\rarriaga\Documents\ipcf_2 analisis\ALL_SN_RESULTS_FINAL\per_configuration\iPCF2_24GHz_CamAne_SN_BW20MHz
iPCF2,24GHz,CamAne,SN,20,6,ffmpeg_udp,2025-11-25 11:52:17.000,2025-11-25 11:55:17.000,180.0,30.0,60.0,ffmpeg_sdp_target_rate,30.0,60.0,30.0,60.0,iperf3_udp_sender,OK_UDP_FFMPEG_MATCH,Reference load taken from rate-controlled UDP sender summary (30 Mbps/STA). ffmpeg target=30 Mbps/STA; difference=0.000% <= tolerance 2.000%. TCP is retained as achieved throughput and is not required to match the reference load.,0.0,9.16,9.15,30.533333333333335,30.5,30.0,29.9,0.413,0.22,30.0,30.0,60.0,9.16,9.15,30.0,29.9,D:\iPCF2_24GHz_CamAne_SN_BW20MHz\Prueba_Siemens2\Test 6,iPCF2_24GHz_CamAne_SN_BW20MHz,iPCF2_ON,C:\Users\rarriaga\Documents\ipcf_2 analisis\ALL_SN_RESULTS_FINAL\per_configuration\iPCF2_24GHz_CamAne_SN_BW20MHz
iPCF2,24GHz,CamAne,SN,20,6,idle,2025-11-25 11:46:05.000,2025-11-25 11:46:14.000,9.0,,,,,,30.0,60.0,iperf3_udp_sender,OK_UDP_FFMPEG_MATCH,Reference load taken from rate-controlled UDP sender summary (30 Mbps/STA). ffmpeg target=30 Mbps/STA; difference=0.000% <= tolerance 2.000%. TCP is retained as achieved throughput and is not required to match the reference load.,0.0,9.16,9.15,30.533333333333335,30.5,30.0,29.9,0.413,0.22,30.0,30.0,60.0,9.16,9.15,30.0,29.9,D:\iPCF2_24GHz_CamAne_SN_BW20MHz\Prueba_Siemens2\Test 6,iPCF2_24GHz_CamAne_SN_BW20MHz,iPCF2_ON,C:\Users\rarriaga\Documents\ipcf_2 analisis\ALL_SN_RESULTS_FINAL\per_configuration\iPCF2_24GHz_CamAne_SN_BW20MHz
iPCF2,24GHz,CamAne,SN,20,6,iperf_tcp,2025-11-25 11:46:14.000,2025-11-25 11:49:14.000,180.0,9.16,18.32,achieved_tcp_sender_throughput,9.16,18.32,30.0,60.0,iperf3_udp_sender,OK_UDP_FFMPEG_MATCH,Reference load taken from rate-controlled UDP sender summary (30 Mbps/STA). ffmpeg target=30 Mbps/STA; difference=0.000% <= tolerance 2.000%. TCP is retained as achieved throughput and is not required to match the reference load.,0.0,9.16,9.15,30.533333333333335,30.5,30.0,29.9,0.413,0.22,30.0,30.0,60.0,9.16,9.15,30.0,29.9,D:\iPCF2_24GHz_CamAne_SN_BW20MHz\Prueba_Siemens2\Test 6,iPCF2_24GHz_CamAne_SN_BW20MHz,iPCF2_ON,C:\Users\rarriaga\Documents\ipcf_2 analisis\ALL_SN_RESULTS_FINAL\per_configuration\iPCF2_24GHz_CamAne_SN_BW20MHz
iPCF2,24GHz,CamAne,SN,20,6,iperf_udp,2025-11-25 11:49:14.000,2025-11-25 11:52:14.000,180.0,30.0,60.0,controlled_udp_offered_rate,30.0,60.0,30.0,60.0,iperf3_udp_sender,OK_UDP_FFMPEG_MATCH,Reference load taken from rate-controlled UDP sender summary (30 Mbps/STA). ffmpeg target=30 Mbps/STA; difference=0.000% <= tolerance 2.000%. TCP is retained as achieved throughput and is not required to match the reference load.,0.0,9.16,9.15,30.533333333333335,30.5,30.0,29.9,0.413,0.22,30.0,30.0,60.0,9.16,9.15,30.0,29.9,D:\iPCF2_24GHz_CamAne_SN_BW20MHz\Prueba_Siemens2\Test 6,iPCF2_24GHz_CamAne_SN_BW20MHz,iPCF2_ON,C:\Users\rarriaga\Documents\ipcf_2 analisis\ALL_SN_RESULTS_FINAL\per_configuration\iPCF2_24GHz_CamAne_SN_BW20MHz
iPCF2,24GHz,CamAne,SN,20,7,ffmpeg_udp,2025-11-25 12:05:23.000,2025-11-25 12:08:23.000,180.0,40.0,80.0,ffmpeg_sdp_target_rate,40.0,80.0,40.0,80.0,iperf3_udp_sender,OK_UDP_FFMPEG_MATCH,Reference load taken from rate-controlled UDP sender summary (40 Mbps/STA). ffmpeg target=40 Mbps/STA; difference=0.000% <= tolerance 2.000%. TCP is retained as achieved throughput and is not required to match the reference load.,0.0,8.03,7.97,20.074999999999996,19.925,40.0,24.6,0.259,38.0,40.0,40.0,80.0,8.03,7.97,40.0,24.6,D:\iPCF2_24GHz_CamAne_SN_BW20MHz\Prueba_Siemens2\Test 7,iPCF2_24GHz_CamAne_SN_BW20MHz,iPCF2_ON,C:\Users\rarriaga\Documents\ipcf_2 analisis\ALL_SN_RESULTS_FINAL\per_configuration\iPCF2_24GHz_CamAne_SN_BW20MHz
iPCF2,24GHz,CamAne,SN,20,7,idle,2025-11-25 11:59:11.000,2025-11-25 11:59:20.000,9.0,,,,,,40.0,80.0,iperf3_udp_sender,OK_UDP_FFMPEG_MATCH,Reference load taken from rate-controlled UDP sender summary (40 Mbps/STA). ffmpeg target=40 Mbps/STA; difference=0.000% <= tolerance 2.000%. TCP is retained as achieved throughput and is not required to match the reference load.,0.0,8.03,7.97,20.074999999999996,19.925,40.0,24.6,0.259,38.0,40.0,40.0,80.0,8.03,7.97,40.0,24.6,D:\iPCF2_24GHz_CamAne_SN_BW20MHz\Prueba_Siemens2\Test 7,iPCF2_24GHz_CamAne_SN_BW20MHz,iPCF2_ON,C:\Users\rarriaga\Documents\ipcf_2 analisis\ALL_SN_RESULTS_FINAL\per_configuration\iPCF2_24GHz_CamAne_SN_BW20MHz
iPCF2,24GHz,CamAne,SN,20,7,iperf_tcp,2025-11-25 11:59:20.000,2025-11-25 12:02:20.000,180.0,8.03,16.06,achieved_tcp_sender_throughput,8.03,16.06,40.0,80.0,iperf3_udp_sender,OK_UDP_FFMPEG_MATCH,Reference load taken from rate-controlled UDP sender summary (40 Mbps/STA). ffmpeg target=40 Mbps/STA; difference=0.000% <= tolerance 2.000%. TCP is retained as achieved throughput and is not required to match the reference load.,0.0,8.03,7.97,20.074999999999996,19.925,40.0,24.6,0.259,38.0,40.0,40.0,80.0,8.03,7.97,40.0,24.6,D:\iPCF2_24GHz_CamAne_SN_BW20MHz\Prueba_Siemens2\Test 7,iPCF2_24GHz_CamAne_SN_BW20MHz,iPCF2_ON,C:\Users\rarriaga\Documents\ipcf_2 analisis\ALL_SN_RESULTS_FINAL\per_configuration\iPCF2_24GHz_CamAne_SN_BW20MHz
iPCF2,24GHz,CamAne,SN,20,7,iperf_udp,2025-11-25 12:02:20.000,2025-11-25 12:05:20.000,180.0,40.0,80.0,controlled_udp_offered_rate,40.0,80.0,40.0,80.0,iperf3_udp_sender,OK_UDP_FFMPEG_MATCH,Reference load taken from rate-controlled UDP sender summary (40 Mbps/STA). ffmpeg target=40 Mbps/STA; difference=0.000% <= tolerance 2.000%. TCP is retained as achieved throughput and is not required to match the reference load.,0.0,8.03,7.97,20.074999999999996,19.925,40.0,24.6,0.259,38.0,40.0,40.0,80.0,8.03,7.97,40.0,24.6,D:\iPCF2_24GHz_CamAne_SN_BW20MHz\Prueba_Siemens2\Test 7,iPCF2_24GHz_CamAne_SN_BW20MHz,iPCF2_ON,C:\Users\rarriaga\Documents\ipcf_2 analisis\ALL_SN_RESULTS_FINAL\per_configuration\iPCF2_24GHz_CamAne_SN_BW20MHz
iPCF2,24GHz,CamAne,SN,40,1,ffmpeg_udp,2025-11-25 12:41:21.000,2025-11-25 12:44:21.000,180.0,10.0,20.0,ffmpeg_sdp_target_rate,10.0,20.0,10.0,20.0,iperf3_udp_sender,OK_UDP_FFMPEG_MATCH,Reference load taken from rate-controlled UDP sender summary (10 Mbps/STA). ffmpeg target=10 Mbps/STA; difference=0.000% <= tolerance 2.000%. TCP is retained as achieved throughput and is not required to match the reference load.,0.0,10.0,10.0,100.0,100.0,10.0,10.0,0.925,0.0,10.0,10.0,20.0,10.0,10.0,10.0,10.0,D:\iPCF2_24GHz_CamAne_SN_BW40MHz\Prueba_Siemens2\Test 1,iPCF2_24GHz_CamAne_SN_BW40MHz,iPCF2_ON,C:\Users\rarriaga\Documents\ipcf_2 analisis\ALL_SN_RESULTS_FINAL\per_configuration\iPCF2_24GHz_CamAne_SN_BW40MHz
iPCF2,24GHz,CamAne,SN,40,1,idle,2025-11-25 12:32:21.000,2025-11-25 12:35:21.000,180.0,,,,,,10.0,20.0,iperf3_udp_sender,OK_UDP_FFMPEG_MATCH,Reference load taken from rate-controlled UDP sender summary (10 Mbps/STA). ffmpeg target=10 Mbps/STA; difference=0.000% <= tolerance 2.000%. TCP is retained as achieved throughput and is not required to match the reference load.,0.0,10.0,10.0,100.0,100.0,10.0,10.0,0.925,0.0,10.0,10.0,20.0,10.0,10.0,10.0,10.0,D:\iPCF2_24GHz_CamAne_SN_BW40MHz\Prueba_Siemens2\Test 1,iPCF2_24GHz_CamAne_SN_BW40MHz,iPCF2_ON,C:\Users\rarriaga\Documents\ipcf_2 analisis\ALL_SN_RESULTS_FINAL\per_configuration\iPCF2_24GHz_CamAne_SN_BW40MHz
iPCF2,24GHz,CamAne,SN,40,1,iperf_tcp,2025-11-25 12:35:21.000,2025-11-25 12:38:21.000,180.0,10.0,20.0,achieved_tcp_sender_throughput,10.0,20.0,10.0,20.0,iperf3_udp_sender,OK_UDP_FFMPEG_MATCH,Reference load taken from rate-controlled UDP sender summary (10 Mbps/STA). ffmpeg target=10 Mbps/STA; difference=0.000% <= tolerance 2.000%. TCP is retained as achieved throughput and is not required to match the reference load.,0.0,10.0,10.0,100.0,100.0,10.0,10.0,0.925,0.0,10.0,10.0,20.0,10.0,10.0,10.0,10.0,D:\iPCF2_24GHz_CamAne_SN_BW40MHz\Prueba_Siemens2\Test 1,iPCF2_24GHz_CamAne_SN_BW40MHz,iPCF2_ON,C:\Users\rarriaga\Documents\ipcf_2 analisis\ALL_SN_RESULTS_FINAL\per_configuration\iPCF2_24GHz_CamAne_SN_BW40MHz
iPCF2,24GHz,CamAne,SN,40,1,iperf_udp,2025-11-25 12:38:21.000,2025-11-25 12:41:21.000,180.0,10.0,20.0,controlled_udp_offered_rate,10.0,20.0,10.0,20.0,iperf3_udp_sender,OK_UDP_FFMPEG_MATCH,Reference load taken from rate-controlled UDP sender summary (10 Mbps/STA). ffmpeg target=10 Mbps/STA; difference=0.000% <= tolerance 2.000%. TCP is retained as achieved throughput and is not required to match the reference load.,0.0,10.0,10.0,100.0,100.0,10.0,10.0,0.925,0.0,10.0,10.0,20.0,10.0,10.0,10.0,10.0,D:\iPCF2_24GHz_CamAne_SN_BW40MHz\Prueba_Siemens2\Test 1,iPCF2_24GHz_CamAne_SN_BW40MHz,iPCF2_ON,C:\Users\rarriaga\Documents\ipcf_2 analisis\ALL_SN_RESULTS_FINAL\per_configuration\iPCF2_24GHz_CamAne_SN_BW40MHz
iPCF2,24GHz,CamAne,SN,40,2,ffmpeg_udp,2025-11-25 13:31:44.000,2025-11-25 13:34:44.000,180.0,20.0,40.0,ffmpeg_sdp_target_rate,20.0,40.0,20.0,40.0,iperf3_udp_sender,OK_UDP_FFMPEG_MATCH,Reference load taken from rate-controlled UDP sender summary (20 Mbps/STA). ffmpeg target=20 Mbps/STA; difference=0.000% <= tolerance 2.000%. TCP is retained as achieved throughput and is not required to match the reference load.,0.0,20.0,20.0,100.0,100.0,20.0,20.0,0.613,0.0,20.0,20.0,40.0,20.0,20.0,20.0,20.0,D:\iPCF2_24GHz_CamAne_SN_BW40MHz\Prueba_Siemens2\Test 2,iPCF2_24GHz_CamAne_SN_BW40MHz,iPCF2_ON,C:\Users\rarriaga\Documents\ipcf_2 analisis\ALL_SN_RESULTS_FINAL\per_configuration\iPCF2_24GHz_CamAne_SN_BW40MHz
iPCF2,24GHz,CamAne,SN,40,2,idle,2025-11-25 13:25:34.000,2025-11-25 13:25:43.000,9.0,,,,,,20.0,40.0,iperf3_udp_sender,OK_UDP_FFMPEG_MATCH,Reference load taken from rate-controlled UDP sender summary (20 Mbps/STA). ffmpeg target=20 Mbps/STA; difference=0.000% <= tolerance 2.000%. TCP is retained as achieved throughput and is not required to match the reference load.,0.0,20.0,20.0,100.0,100.0,20.0,20.0,0.613,0.0,20.0,20.0,40.0,20.0,20.0,20.0,20.0,D:\iPCF2_24GHz_CamAne_SN_BW40MHz\Prueba_Siemens2\Test 2,iPCF2_24GHz_CamAne_SN_BW40MHz,iPCF2_ON,C:\Users\rarriaga\Documents\ipcf_2 analisis\ALL_SN_RESULTS_FINAL\per_configuration\iPCF2_24GHz_CamAne_SN_BW40MHz
iPCF2,24GHz,CamAne,SN,40,2,iperf_tcp,2025-11-25 13:25:43.000,2025-11-25 13:28:43.000,180.0,20.0,40.0,achieved_tcp_sender_throughput,20.0,40.0,20.0,40.0,iperf3_udp_sender,OK_UDP_FFMPEG_MATCH,Reference load taken from rate-controlled UDP sender summary (20 Mbps/STA). ffmpeg target=20 Mbps/STA; difference=0.000% <= tolerance 2.000%. TCP is retained as achieved throughput and is not required to match the reference load.,0.0,20.0,20.0,100.0,100.0,20.0,20.0,0.613,0.0,20.0,20.0,40.0,20.0,20.0,20.0,20.0,D:\iPCF2_24GHz_CamAne_SN_BW40MHz\Prueba_Siemens2\Test 2,iPCF2_24GHz_CamAne_SN_BW40MHz,iPCF2_ON,C:\Users\rarriaga\Documents\ipcf_2 analisis\ALL_SN_RESULTS_FINAL\per_configuration\iPCF2_24GHz_CamAne_SN_BW40MHz
iPCF2,24GHz,CamAne,SN,40,2,iperf_udp,2025-11-25 13:28:43.000,2025-11-25 13:31:43.000,180.0,20.0,40.0,controlled_udp_offered_rate,20.0,40.0,20.0,40.0,iperf3_udp_sender,OK_UDP_FFMPEG_MATCH,Reference load taken from rate-controlled UDP sender summary (20 Mbps/STA). ffmpeg target=20 Mbps/STA; difference=0.000% <= tolerance 2.000%. TCP is retained as achieved throughput and is not required to match the reference load.,0.0,20.0,20.0,100.0,100.0,20.0,20.0,0.613,0.0,20.0,20.0,40.0,20.0,20.0,20.0,20.0,D:\iPCF2_24GHz_CamAne_SN_BW40MHz\Prueba_Siemens2\Test 2,iPCF2_24GHz_CamAne_SN_BW40MHz,iPCF2_ON,C:\Users\rarriaga\Documents\ipcf_2 analisis\ALL_SN_RESULTS_FINAL\per_configuration\iPCF2_24GHz_CamAne_SN_BW40MHz
iPCF2,24GHz,CamAne,SN,40,3,ffmpeg_udp,2025-11-25 13:43:00.000,2025-11-25 13:46:00.000,180.0,40.0,80.0,ffmpeg_sdp_target_rate,40.0,80.0,40.0,80.0,iperf3_udp_sender,OK_UDP_FFMPEG_MATCH,Reference load taken from rate-controlled UDP sender summary (40 Mbps/STA). ffmpeg target=40 Mbps/STA; difference=0.000% <= tolerance 2.000%. TCP is retained as achieved throughput and is not required to match the reference load.,0.0,40.0,40.0,100.0,100.0,40.0,40.0,0.332,0.0,40.0,40.0,80.0,40.0,40.0,40.0,40.0,D:\iPCF2_24GHz_CamAne_SN_BW40MHz\Prueba_Siemens2\Test 3,iPCF2_24GHz_CamAne_SN_BW40MHz,iPCF2_ON,C:\Users\rarriaga\Documents\ipcf_2 analisis\ALL_SN_RESULTS_FINAL\per_configuration\iPCF2_24GHz_CamAne_SN_BW40MHz
iPCF2,24GHz,CamAne,SN,40,3,idle,2025-11-25 13:36:51.000,2025-11-25 13:37:00.000,9.0,,,,,,40.0,80.0,iperf3_udp_sender,OK_UDP_FFMPEG_MATCH,Reference load taken from rate-controlled UDP sender summary (40 Mbps/STA). ffmpeg target=40 Mbps/STA; difference=0.000% <= tolerance 2.000%. TCP is retained as achieved throughput and is not required to match the reference load.,0.0,40.0,40.0,100.0,100.0,40.0,40.0,0.332,0.0,40.0,40.0,80.0,40.0,40.0,40.0,40.0,D:\iPCF2_24GHz_CamAne_SN_BW40MHz\Prueba_Siemens2\Test 3,iPCF2_24GHz_CamAne_SN_BW40MHz,iPCF2_ON,C:\Users\rarriaga\Documents\ipcf_2 analisis\ALL_SN_RESULTS_FINAL\per_configuration\iPCF2_24GHz_CamAne_SN_BW40MHz
iPCF2,24GHz,CamAne,SN,40,3,iperf_tcp,2025-11-25 13:37:00.000,2025-11-25 13:40:00.000,180.0,40.0,80.0,achieved_tcp_sender_throughput,40.0,80.0,40.0,80.0,iperf3_udp_sender,OK_UDP_FFMPEG_MATCH,Reference load taken from rate-controlled UDP sender summary (40 Mbps/STA). ffmpeg target=40 Mbps/STA; difference=0.000% <= tolerance 2.000%. TCP is retained as achieved throughput and is not required to match the reference load.,0.0,40.0,40.0,100.0,100.0,40.0,40.0,0.332,0.0,40.0,40.0,80.0,40.0,40.0,40.0,40.0,D:\iPCF2_24GHz_CamAne_SN_BW40MHz\Prueba_Siemens2\Test 3,iPCF2_24GHz_CamAne_SN_BW40MHz,iPCF2_ON,C:\Users\rarriaga\Documents\ipcf_2 analisis\ALL_SN_RESULTS_FINAL\per_configuration\iPCF2_24GHz_CamAne_SN_BW40MHz
iPCF2,24GHz,CamAne,SN,40,3,iperf_udp,2025-11-25 13:40:00.000,2025-11-25 13:43:00.000,180.0,40.0,80.0,controlled_udp_offered_rate,40.0,80.0,40.0,80.0,iperf3_udp_sender,OK_UDP_FFMPEG_MATCH,Reference load taken from rate-controlled UDP sender summary (40 Mbps/STA). ffmpeg target=40 Mbps/STA; difference=0.000% <= tolerance 2.000%. TCP is retained as achieved throughput and is not required to match the reference load.,0.0,40.0,40.0,100.0,100.0,40.0,40.0,0.332,0.0,40.0,40.0,80.0,40.0,40.0,40.0,40.0,D:\iPCF2_24GHz_CamAne_SN_BW40MHz\Prueba_Siemens2\Test 3,iPCF2_24GHz_CamAne_SN_BW40MHz,iPCF2_ON,C:\Users\rarriaga\Documents\ipcf_2 analisis\ALL_SN_RESULTS_FINAL\per_configuration\iPCF2_24GHz_CamAne_SN_BW40MHz
iPCF2,24GHz,CamAne,SN,40,4,ffmpeg_udp,2025-11-25 13:54:59.000,2025-11-25 13:57:59.000,180.0,60.0,120.0,ffmpeg_sdp_target_rate,60.0,120.0,60.0,120.0,iperf3_udp_sender,OK_UDP_FFMPEG_MATCH,Reference load taken from rate-controlled UDP sender summary (60 Mbps/STA). ffmpeg target=60 Mbps/STA; difference=0.000% <= tolerance 2.000%. TCP is retained as achieved throughput and is not required to match the reference load.,0.0,35.8,35.6,59.66666666666666,59.333333333333336,60.0,59.3,0.273,1.2,60.0,60.0,120.0,35.8,35.6,60.0,59.3,D:\iPCF2_24GHz_CamAne_SN_BW40MHz\Prueba_Siemens2\Test 4,iPCF2_24GHz_CamAne_SN_BW40MHz,iPCF2_ON,C:\Users\rarriaga\Documents\ipcf_2 analisis\ALL_SN_RESULTS_FINAL\per_configuration\iPCF2_24GHz_CamAne_SN_BW40MHz
iPCF2,24GHz,CamAne,SN,40,4,idle,2025-11-25 13:48:49.000,2025-11-25 13:48:58.000,9.0,,,,,,60.0,120.0,iperf3_udp_sender,OK_UDP_FFMPEG_MATCH,Reference load taken from rate-controlled UDP sender summary (60 Mbps/STA). ffmpeg target=60 Mbps/STA; difference=0.000% <= tolerance 2.000%. TCP is retained as achieved throughput and is not required to match the reference load.,0.0,35.8,35.6,59.66666666666666,59.333333333333336,60.0,59.3,0.273,1.2,60.0,60.0,120.0,35.8,35.6,60.0,59.3,D:\iPCF2_24GHz_CamAne_SN_BW40MHz\Prueba_Siemens2\Test 4,iPCF2_24GHz_CamAne_SN_BW40MHz,iPCF2_ON,C:\Users\rarriaga\Documents\ipcf_2 analisis\ALL_SN_RESULTS_FINAL\per_configuration\iPCF2_24GHz_CamAne_SN_BW40MHz
iPCF2,24GHz,CamAne,SN,40,4,iperf_tcp,2025-11-25 13:48:58.000,2025-11-25 13:51:58.000,180.0,35.8,71.6,achieved_tcp_sender_throughput,35.8,71.6,60.0,120.0,iperf3_udp_sender,OK_UDP_FFMPEG_MATCH,Reference load taken from rate-controlled UDP sender summary (60 Mbps/STA). ffmpeg target=60 Mbps/STA; difference=0.000% <= tolerance 2.000%. TCP is retained as achieved throughput and is not required to match the reference load.,0.0,35.8,35.6,59.66666666666666,59.333333333333336,60.0,59.3,0.273,1.2,60.0,60.0,120.0,35.8,35.6,60.0,59.3,D:\iPCF2_24GHz_CamAne_SN_BW40MHz\Prueba_Siemens2\Test 4,iPCF2_24GHz_CamAne_SN_BW40MHz,iPCF2_ON,C:\Users\rarriaga\Documents\ipcf_2 analisis\ALL_SN_RESULTS_FINAL\per_configuration\iPCF2_24GHz_CamAne_SN_BW40MHz
iPCF2,24GHz,CamAne,SN,40,4,iperf_udp,2025-11-25 13:51:58.000,2025-11-25 13:54:58.000,180.0,60.0,120.0,controlled_udp_offered_rate,60.0,120.0,60.0,120.0,iperf3_udp_sender,OK_UDP_FFMPEG_MATCH,Reference load taken from rate-controlled UDP sender summary (60 Mbps/STA). ffmpeg target=60 Mbps/STA; difference=0.000% <= tolerance 2.000%. TCP is retained as achieved throughput and is not required to match the reference load.,0.0,35.8,35.6,59.66666666666666,59.333333333333336,60.0,59.3,0.273,1.2,60.0,60.0,120.0,35.8,35.6,60.0,59.3,D:\iPCF2_24GHz_CamAne_SN_BW40MHz\Prueba_Siemens2\Test 4,iPCF2_24GHz_CamAne_SN_BW40MHz,iPCF2_ON,C:\Users\rarriaga\Documents\ipcf_2 analisis\ALL_SN_RESULTS_FINAL\per_configuration\iPCF2_24GHz_CamAne_SN_BW40MHz
iPCF2,24GHz,CamAne,SN,40,5,ffmpeg_udp,2025-11-25 14:10:17.000,2025-11-25 14:13:17.000,180.0,80.0,160.0,ffmpeg_sdp_target_rate,80.0,160.0,80.0,160.0,iperf3_udp_sender,OK_UDP_FFMPEG_MATCH,Reference load taken from rate-controlled UDP sender summary (80 Mbps/STA). ffmpeg target=80 Mbps/STA; difference=0.000% <= tolerance 2.000%. TCP is retained as achieved throughput and is not required to match the reference load.,0.0,37.5,37.3,46.875,46.62499999999999,80.0,55.5,0.208,30.0,80.0,80.0,160.0,37.5,37.3,80.0,55.5,D:\iPCF2_24GHz_CamAne_SN_BW40MHz\Prueba_Siemens2\Test 5,iPCF2_24GHz_CamAne_SN_BW40MHz,iPCF2_ON,C:\Users\rarriaga\Documents\ipcf_2 analisis\ALL_SN_RESULTS_FINAL\per_configuration\iPCF2_24GHz_CamAne_SN_BW40MHz
iPCF2,24GHz,CamAne,SN,40,5,idle,2025-11-25 14:04:05.000,2025-11-25 14:04:14.000,9.0,,,,,,80.0,160.0,iperf3_udp_sender,OK_UDP_FFMPEG_MATCH,Reference load taken from rate-controlled UDP sender summary (80 Mbps/STA). ffmpeg target=80 Mbps/STA; difference=0.000% <= tolerance 2.000%. TCP is retained as achieved throughput and is not required to match the reference load.,0.0,37.5,37.3,46.875,46.62499999999999,80.0,55.5,0.208,30.0,80.0,80.0,160.0,37.5,37.3,80.0,55.5,D:\iPCF2_24GHz_CamAne_SN_BW40MHz\Prueba_Siemens2\Test 5,iPCF2_24GHz_CamAne_SN_BW40MHz,iPCF2_ON,C:\Users\rarriaga\Documents\ipcf_2 analisis\ALL_SN_RESULTS_FINAL\per_configuration\iPCF2_24GHz_CamAne_SN_BW40MHz
iPCF2,24GHz,CamAne,SN,40,5,iperf_tcp,2025-11-25 14:04:14.000,2025-11-25 14:07:14.000,180.0,37.5,75.0,achieved_tcp_sender_throughput,37.5,75.0,80.0,160.0,iperf3_udp_sender,OK_UDP_FFMPEG_MATCH,Reference load taken from rate-controlled UDP sender summary (80 Mbps/STA). ffmpeg target=80 Mbps/STA; difference=0.000% <= tolerance 2.000%. TCP is retained as achieved throughput and is not required to match the reference load.,0.0,37.5,37.3,46.875,46.62499999999999,80.0,55.5,0.208,30.0,80.0,80.0,160.0,37.5,37.3,80.0,55.5,D:\iPCF2_24GHz_CamAne_SN_BW40MHz\Prueba_Siemens2\Test 5,iPCF2_24GHz_CamAne_SN_BW40MHz,iPCF2_ON,C:\Users\rarriaga\Documents\ipcf_2 analisis\ALL_SN_RESULTS_FINAL\per_configuration\iPCF2_24GHz_CamAne_SN_BW40MHz
iPCF2,24GHz,CamAne,SN,40,5,iperf_udp,2025-11-25 14:07:14.000,2025-11-25 14:10:14.000,180.0,80.0,160.0,controlled_udp_offered_rate,80.0,160.0,80.0,160.0,iperf3_udp_sender,OK_UDP_FFMPEG_MATCH,Reference load taken from rate-controlled UDP sender summary (80 Mbps/STA). ffmpeg target=80 Mbps/STA; difference=0.000% <= tolerance 2.000%. TCP is retained as achieved throughput and is not required to match the reference load.,0.0,37.5,37.3,46.875,46.62499999999999,80.0,55.5,0.208,30.0,80.0,80.0,160.0,37.5,37.3,80.0,55.5,D:\iPCF2_24GHz_CamAne_SN_BW40MHz\Prueba_Siemens2\Test 5,iPCF2_24GHz_CamAne_SN_BW40MHz,iPCF2_ON,C:\Users\rarriaga\Documents\ipcf_2 analisis\ALL_SN_RESULTS_FINAL\per_configuration\iPCF2_24GHz_CamAne_SN_BW40MHz
iPCF2,5GHz,CamAne,SN,20,1,ffmpeg_udp,2025-11-25 10:34:40.000,2025-11-25 10:37:40.000,180.0,5.0,10.0,ffmpeg_sdp_target_rate,5.0,10.0,5.0,10.0,iperf3_udp_sender,OK_UDP_FFMPEG_MATCH,Reference load taken from rate-controlled UDP sender summary (5 Mbps/STA). ffmpeg target=5 Mbps/STA; difference=0.000% <= tolerance 2.000%. TCP is retained as achieved throughput and is not required to match the reference load.,0.0,5.0,5.0,100.0,100.0,5.0,5.0,0.327,0.0,5.0,5.0,10.0,5.0,5.0,5.0,5.0,D:\iPCF2_5GHz_CamAne_SN_BW20MHz\Prueba_Siemens2\Test 1,iPCF2_5GHz_CamAne_SN_BW20MHz,iPCF2_ON,C:\Users\rarriaga\Documents\ipcf_2 analisis\ALL_SN_RESULTS_FINAL\per_configuration\iPCF2_5GHz_CamAne_SN_BW20MHz
iPCF2,5GHz,CamAne,SN,20,1,idle,2025-11-25 10:25:41.000,2025-11-25 10:28:40.000,179.0,,,,,,5.0,10.0,iperf3_udp_sender,OK_UDP_FFMPEG_MATCH,Reference load taken from rate-controlled UDP sender summary (5 Mbps/STA). ffmpeg target=5 Mbps/STA; difference=0.000% <= tolerance 2.000%. TCP is retained as achieved throughput and is not required to match the reference load.,0.0,5.0,5.0,100.0,100.0,5.0,5.0,0.327,0.0,5.0,5.0,10.0,5.0,5.0,5.0,5.0,D:\iPCF2_5GHz_CamAne_SN_BW20MHz\Prueba_Siemens2\Test 1,iPCF2_5GHz_CamAne_SN_BW20MHz,iPCF2_ON,C:\Users\rarriaga\Documents\ipcf_2 analisis\ALL_SN_RESULTS_FINAL\per_configuration\iPCF2_5GHz_CamAne_SN_BW20MHz
iPCF2,5GHz,CamAne,SN,20,1,iperf_tcp,2025-11-25 10:28:40.000,2025-11-25 10:31:40.000,180.0,5.0,10.0,achieved_tcp_sender_throughput,5.0,10.0,5.0,10.0,iperf3_udp_sender,OK_UDP_FFMPEG_MATCH,Reference load taken from rate-controlled UDP sender summary (5 Mbps/STA). ffmpeg target=5 Mbps/STA; difference=0.000% <= tolerance 2.000%. TCP is retained as achieved throughput and is not required to match the reference load.,0.0,5.0,5.0,100.0,100.0,5.0,5.0,0.327,0.0,5.0,5.0,10.0,5.0,5.0,5.0,5.0,D:\iPCF2_5GHz_CamAne_SN_BW20MHz\Prueba_Siemens2\Test 1,iPCF2_5GHz_CamAne_SN_BW20MHz,iPCF2_ON,C:\Users\rarriaga\Documents\ipcf_2 analisis\ALL_SN_RESULTS_FINAL\per_configuration\iPCF2_5GHz_CamAne_SN_BW20MHz
iPCF2,5GHz,CamAne,SN,20,1,iperf_udp,2025-11-25 10:31:40.000,2025-11-25 10:34:40.000,180.0,5.0,10.0,controlled_udp_offered_rate,5.0,10.0,5.0,10.0,iperf3_udp_sender,OK_UDP_FFMPEG_MATCH,Reference load taken from rate-controlled UDP sender summary (5 Mbps/STA). ffmpeg target=5 Mbps/STA; difference=0.000% <= tolerance 2.000%. TCP is retained as achieved throughput and is not required to match the reference load.,0.0,5.0,5.0,100.0,100.0,5.0,5.0,0.327,0.0,5.0,5.0,10.0,5.0,5.0,5.0,5.0,D:\iPCF2_5GHz_CamAne_SN_BW20MHz\Prueba_Siemens2\Test 1,iPCF2_5GHz_CamAne_SN_BW20MHz,iPCF2_ON,C:\Users\rarriaga\Documents\ipcf_2 analisis\ALL_SN_RESULTS_FINAL\per_configuration\iPCF2_5GHz_CamAne_SN_BW20MHz
iPCF2,5GHz,CamAne,SN,20,2,ffmpeg_udp,2025-11-25 11:01:12.000,2025-11-25 11:04:12.000,180.0,10.0,20.0,ffmpeg_sdp_target_rate,10.0,20.0,10.0,20.0,iperf3_udp_sender,OK_UDP_FFMPEG_MATCH,Reference load taken from rate-controlled UDP sender summary (10 Mbps/STA). ffmpeg target=10 Mbps/STA; difference=0.000% <= tolerance 2.000%. TCP is retained as achieved throughput and is not required to match the reference load.,0.0,10.0,10.0,100.0,100.0,10.0,10.0,0.38,0.0,10.0,10.0,20.0,10.0,10.0,10.0,10.0,D:\iPCF2_5GHz_CamAne_SN_BW20MHz\Prueba_Siemens2\Test 2,iPCF2_5GHz_CamAne_SN_BW20MHz,iPCF2_ON,C:\Users\rarriaga\Documents\ipcf_2 analisis\ALL_SN_RESULTS_FINAL\per_configuration\iPCF2_5GHz_CamAne_SN_BW20MHz
iPCF2,5GHz,CamAne,SN,20,2,idle,2025-11-25 10:55:03.000,2025-11-25 10:55:12.000,9.0,,,,,,10.0,20.0,iperf3_udp_sender,OK_UDP_FFMPEG_MATCH,Reference load taken from rate-controlled UDP sender summary (10 Mbps/STA). ffmpeg target=10 Mbps/STA; difference=0.000% <= tolerance 2.000%. TCP is retained as achieved throughput and is not required to match the reference load.,0.0,10.0,10.0,100.0,100.0,10.0,10.0,0.38,0.0,10.0,10.0,20.0,10.0,10.0,10.0,10.0,D:\iPCF2_5GHz_CamAne_SN_BW20MHz\Prueba_Siemens2\Test 2,iPCF2_5GHz_CamAne_SN_BW20MHz,iPCF2_ON,C:\Users\rarriaga\Documents\ipcf_2 analisis\ALL_SN_RESULTS_FINAL\per_configuration\iPCF2_5GHz_CamAne_SN_BW20MHz
iPCF2,5GHz,CamAne,SN,20,2,iperf_tcp,2025-11-25 10:55:12.000,2025-11-25 10:58:12.000,180.0,10.0,20.0,achieved_tcp_sender_throughput,10.0,20.0,10.0,20.0,iperf3_udp_sender,OK_UDP_FFMPEG_MATCH,Reference load taken from rate-controlled UDP sender summary (10 Mbps/STA). ffmpeg target=10 Mbps/STA; difference=0.000% <= tolerance 2.000%. TCP is retained as achieved throughput and is not required to match the reference load.,0.0,10.0,10.0,100.0,100.0,10.0,10.0,0.38,0.0,10.0,10.0,20.0,10.0,10.0,10.0,10.0,D:\iPCF2_5GHz_CamAne_SN_BW20MHz\Prueba_Siemens2\Test 2,iPCF2_5GHz_CamAne_SN_BW20MHz,iPCF2_ON,C:\Users\rarriaga\Documents\ipcf_2 analisis\ALL_SN_RESULTS_FINAL\per_configuration\iPCF2_5GHz_CamAne_SN_BW20MHz
iPCF2,5GHz,CamAne,SN,20,2,iperf_udp,2025-11-25 10:58:12.000,2025-11-25 11:01:12.000,180.0,10.0,20.0,controlled_udp_offered_rate,10.0,20.0,10.0,20.0,iperf3_udp_sender,OK_UDP_FFMPEG_MATCH,Reference load taken from rate-controlled UDP sender summary (10 Mbps/STA). ffmpeg target=10 Mbps/STA; difference=0.000% <= tolerance 2.000%. TCP is retained as achieved throughput and is not required to match the reference load.,0.0,10.0,10.0,100.0,100.0,10.0,10.0,0.38,0.0,10.0,10.0,20.0,10.0,10.0,10.0,10.0,D:\iPCF2_5GHz_CamAne_SN_BW20MHz\Prueba_Siemens2\Test 2,iPCF2_5GHz_CamAne_SN_BW20MHz,iPCF2_ON,C:\Users\rarriaga\Documents\ipcf_2 analisis\ALL_SN_RESULTS_FINAL\per_configuration\iPCF2_5GHz_CamAne_SN_BW20MHz
iPCF2,5GHz,CamAne,SN,20,3,ffmpeg_udp,2025-11-25 11:12:55.000,2025-11-25 11:15:55.000,180.0,15.0,30.0,ffmpeg_sdp_target_rate,15.0,30.0,15.0,30.0,iperf3_udp_sender,OK_UDP_FFMPEG_MATCH,Reference load taken from rate-controlled UDP sender summary (15 Mbps/STA). ffmpeg target=15 Mbps/STA; difference=0.000% <= tolerance 2.000%. TCP is retained as achieved throughput and is not required to match the reference load.,0.0,15.0,15.0,100.0,100.0,15.0,15.0,0.234,0.0,15.0,15.0,30.0,15.0,15.0,15.0,15.0,D:\iPCF2_5GHz_CamAne_SN_BW20MHz\Prueba_Siemens2\Test 3,iPCF2_5GHz_CamAne_SN_BW20MHz,iPCF2_ON,C:\Users\rarriaga\Documents\ipcf_2 analisis\ALL_SN_RESULTS_FINAL\per_configuration\iPCF2_5GHz_CamAne_SN_BW20MHz
iPCF2,5GHz,CamAne,SN,20,3,idle,2025-11-25 11:06:46.000,2025-11-25 11:06:55.000,9.0,,,,,,15.0,30.0,iperf3_udp_sender,OK_UDP_FFMPEG_MATCH,Reference load taken from rate-controlled UDP sender summary (15 Mbps/STA). ffmpeg target=15 Mbps/STA; difference=0.000% <= tolerance 2.000%. TCP is retained as achieved throughput and is not required to match the reference load.,0.0,15.0,15.0,100.0,100.0,15.0,15.0,0.234,0.0,15.0,15.0,30.0,15.0,15.0,15.0,15.0,D:\iPCF2_5GHz_CamAne_SN_BW20MHz\Prueba_Siemens2\Test 3,iPCF2_5GHz_CamAne_SN_BW20MHz,iPCF2_ON,C:\Users\rarriaga\Documents\ipcf_2 analisis\ALL_SN_RESULTS_FINAL\per_configuration\iPCF2_5GHz_CamAne_SN_BW20MHz
iPCF2,5GHz,CamAne,SN,20,3,iperf_tcp,2025-11-25 11:06:55.000,2025-11-25 11:09:55.000,180.0,15.0,30.0,achieved_tcp_sender_throughput,15.0,30.0,15.0,30.0,iperf3_udp_sender,OK_UDP_FFMPEG_MATCH,Reference load taken from rate-controlled UDP sender summary (15 Mbps/STA). ffmpeg target=15 Mbps/STA; difference=0.000% <= tolerance 2.000%. TCP is retained as achieved throughput and is not required to match the reference load.,0.0,15.0,15.0,100.0,100.0,15.0,15.0,0.234,0.0,15.0,15.0,30.0,15.0,15.0,15.0,15.0,D:\iPCF2_5GHz_CamAne_SN_BW20MHz\Prueba_Siemens2\Test 3,iPCF2_5GHz_CamAne_SN_BW20MHz,iPCF2_ON,C:\Users\rarriaga\Documents\ipcf_2 analisis\ALL_SN_RESULTS_FINAL\per_configuration\iPCF2_5GHz_CamAne_SN_BW20MHz
iPCF2,5GHz,CamAne,SN,20,3,iperf_udp,2025-11-25 11:09:55.000,2025-11-25 11:12:55.000,180.0,15.0,30.0,controlled_udp_offered_rate,15.0,30.0,15.0,30.0,iperf3_udp_sender,OK_UDP_FFMPEG_MATCH,Reference load taken from rate-controlled UDP sender summary (15 Mbps/STA). ffmpeg target=15 Mbps/STA; difference=0.000% <= tolerance 2.000%. TCP is retained as achieved throughput and is not required to match the reference load.,0.0,15.0,15.0,100.0,100.0,15.0,15.0,0.234,0.0,15.0,15.0,30.0,15.0,15.0,15.0,15.0,D:\iPCF2_5GHz_CamAne_SN_BW20MHz\Prueba_Siemens2\Test 3,iPCF2_5GHz_CamAne_SN_BW20MHz,iPCF2_ON,C:\Users\rarriaga\Documents\ipcf_2 analisis\ALL_SN_RESULTS_FINAL\per_configuration\iPCF2_5GHz_CamAne_SN_BW20MHz
iPCF2,5GHz,CamAne,SN,20,4,ffmpeg_udp,2025-11-25 11:24:59.000,2025-11-25 11:27:59.000,180.0,20.0,40.0,ffmpeg_sdp_target_rate,20.0,40.0,20.0,40.0,iperf3_udp_sender,OK_UDP_FFMPEG_MATCH,Reference load taken from rate-controlled UDP sender summary (20 Mbps/STA). ffmpeg target=20 Mbps/STA; difference=0.000% <= tolerance 2.000%. TCP is retained as achieved throughput and is not required to match the reference load.,0.0,20.0,20.0,100.0,100.0,20.0,20.0,0.436,0.0,20.0,20.0,40.0,20.0,20.0,20.0,20.0,D:\iPCF2_5GHz_CamAne_SN_BW20MHz\Prueba_Siemens2\Test 4,iPCF2_5GHz_CamAne_SN_BW20MHz,iPCF2_ON,C:\Users\rarriaga\Documents\ipcf_2 analisis\ALL_SN_RESULTS_FINAL\per_configuration\iPCF2_5GHz_CamAne_SN_BW20MHz
iPCF2,5GHz,CamAne,SN,20,4,idle,2025-11-25 11:18:49.000,2025-11-25 11:18:58.000,9.0,,,,,,20.0,40.0,iperf3_udp_sender,OK_UDP_FFMPEG_MATCH,Reference load taken from rate-controlled UDP sender summary (20 Mbps/STA). ffmpeg target=20 Mbps/STA; difference=0.000% <= tolerance 2.000%. TCP is retained as achieved throughput and is not required to match the reference load.,0.0,20.0,20.0,100.0,100.0,20.0,20.0,0.436,0.0,20.0,20.0,40.0,20.0,20.0,20.0,20.0,D:\iPCF2_5GHz_CamAne_SN_BW20MHz\Prueba_Siemens2\Test 4,iPCF2_5GHz_CamAne_SN_BW20MHz,iPCF2_ON,C:\Users\rarriaga\Documents\ipcf_2 analisis\ALL_SN_RESULTS_FINAL\per_configuration\iPCF2_5GHz_CamAne_SN_BW20MHz
iPCF2,5GHz,CamAne,SN,20,4,iperf_tcp,2025-11-25 11:18:58.000,2025-11-25 11:21:58.000,180.0,20.0,40.0,achieved_tcp_sender_throughput,20.0,40.0,20.0,40.0,iperf3_udp_sender,OK_UDP_FFMPEG_MATCH,Reference load taken from rate-controlled UDP sender summary (20 Mbps/STA). ffmpeg target=20 Mbps/STA; difference=0.000% <= tolerance 2.000%. TCP is retained as achieved throughput and is not required to match the reference load.,0.0,20.0,20.0,100.0,100.0,20.0,20.0,0.436,0.0,20.0,20.0,40.0,20.0,20.0,20.0,20.0,D:\iPCF2_5GHz_CamAne_SN_BW20MHz\Prueba_Siemens2\Test 4,iPCF2_5GHz_CamAne_SN_BW20MHz,iPCF2_ON,C:\Users\rarriaga\Documents\ipcf_2 analisis\ALL_SN_RESULTS_FINAL\per_configuration\iPCF2_5GHz_CamAne_SN_BW20MHz
iPCF2,5GHz,CamAne,SN,20,4,iperf_udp,2025-11-25 11:21:58.000,2025-11-25 11:24:58.000,180.0,20.0,40.0,controlled_udp_offered_rate,20.0,40.0,20.0,40.0,iperf3_udp_sender,OK_UDP_FFMPEG_MATCH,Reference load taken from rate-controlled UDP sender summary (20 Mbps/STA). ffmpeg target=20 Mbps/STA; difference=0.000% <= tolerance 2.000%. TCP is retained as achieved throughput and is not required to match the reference load.,0.0,20.0,20.0,100.0,100.0,20.0,20.0,0.436,0.0,20.0,20.0,40.0,20.0,20.0,20.0,20.0,D:\iPCF2_5GHz_CamAne_SN_BW20MHz\Prueba_Siemens2\Test 4,iPCF2_5GHz_CamAne_SN_BW20MHz,iPCF2_ON,C:\Users\rarriaga\Documents\ipcf_2 analisis\ALL_SN_RESULTS_FINAL\per_configuration\iPCF2_5GHz_CamAne_SN_BW20MHz
iPCF2,5GHz,CamAne,SN,20,5,ffmpeg_udp,2025-11-25 11:35:30.000,2025-11-25 11:38:30.000,180.0,25.0,50.0,ffmpeg_sdp_target_rate,25.0,50.0,25.0,50.0,iperf3_udp_sender,OK_UDP_FFMPEG_MATCH,Reference load taken from rate-controlled UDP sender summary (25 Mbps/STA). ffmpeg target=25 Mbps/STA; difference=0.000% <= tolerance 2.000%. TCP is retained as achieved throughput and is not required to match the reference load.,0.0,25.0,25.0,100.0,100.0,25.0,25.0,0.528,0.0,25.0,25.0,50.0,25.0,25.0,25.0,25.0,D:\iPCF2_5GHz_CamAne_SN_BW20MHz\Prueba_Siemens2\Test 5,iPCF2_5GHz_CamAne_SN_BW20MHz,iPCF2_ON,C:\Users\rarriaga\Documents\ipcf_2 analisis\ALL_SN_RESULTS_FINAL\per_configuration\iPCF2_5GHz_CamAne_SN_BW20MHz
iPCF2,5GHz,CamAne,SN,20,5,idle,2025-11-25 11:29:21.000,2025-11-25 11:29:30.000,9.0,,,,,,25.0,50.0,iperf3_udp_sender,OK_UDP_FFMPEG_MATCH,Reference load taken from rate-controlled UDP sender summary (25 Mbps/STA). ffmpeg target=25 Mbps/STA; difference=0.000% <= tolerance 2.000%. TCP is retained as achieved throughput and is not required to match the reference load.,0.0,25.0,25.0,100.0,100.0,25.0,25.0,0.528,0.0,25.0,25.0,50.0,25.0,25.0,25.0,25.0,D:\iPCF2_5GHz_CamAne_SN_BW20MHz\Prueba_Siemens2\Test 5,iPCF2_5GHz_CamAne_SN_BW20MHz,iPCF2_ON,C:\Users\rarriaga\Documents\ipcf_2 analisis\ALL_SN_RESULTS_FINAL\per_configuration\iPCF2_5GHz_CamAne_SN_BW20MHz
iPCF2,5GHz,CamAne,SN,20,5,iperf_tcp,2025-11-25 11:29:30.000,2025-11-25 11:32:30.000,180.0,25.0,50.0,achieved_tcp_sender_throughput,25.0,50.0,25.0,50.0,iperf3_udp_sender,OK_UDP_FFMPEG_MATCH,Reference load taken from rate-controlled UDP sender summary (25 Mbps/STA). ffmpeg target=25 Mbps/STA; difference=0.000% <= tolerance 2.000%. TCP is retained as achieved throughput and is not required to match the reference load.,0.0,25.0,25.0,100.0,100.0,25.0,25.0,0.528,0.0,25.0,25.0,50.0,25.0,25.0,25.0,25.0,D:\iPCF2_5GHz_CamAne_SN_BW20MHz\Prueba_Siemens2\Test 5,iPCF2_5GHz_CamAne_SN_BW20MHz,iPCF2_ON,C:\Users\rarriaga\Documents\ipcf_2 analisis\ALL_SN_RESULTS_FINAL\per_configuration\iPCF2_5GHz_CamAne_SN_BW20MHz
iPCF2,5GHz,CamAne,SN,20,5,iperf_udp,2025-11-25 11:32:30.000,2025-11-25 11:35:30.000,180.0,25.0,50.0,controlled_udp_offered_rate,25.0,50.0,25.0,50.0,iperf3_udp_sender,OK_UDP_FFMPEG_MATCH,Reference load taken from rate-controlled UDP sender summary (25 Mbps/STA). ffmpeg target=25 Mbps/STA; difference=0.000% <= tolerance 2.000%. TCP is retained as achieved throughput and is not required to match the reference load.,0.0,25.0,25.0,100.0,100.0,25.0,25.0,0.528,0.0,25.0,25.0,50.0,25.0,25.0,25.0,25.0,D:\iPCF2_5GHz_CamAne_SN_BW20MHz\Prueba_Siemens2\Test 5,iPCF2_5GHz_CamAne_SN_BW20MHz,iPCF2_ON,C:\Users\rarriaga\Documents\ipcf_2 analisis\ALL_SN_RESULTS_FINAL\per_configuration\iPCF2_5GHz_CamAne_SN_BW20MHz
iPCF2,5GHz,CamAne,SN,20,6,ffmpeg_udp,2025-11-25 11:46:34.000,2025-11-25 11:49:34.000,180.0,30.0,60.0,ffmpeg_sdp_target_rate,30.0,60.0,30.0,60.0,iperf3_udp_sender,OK_UDP_FFMPEG_MATCH,Reference load taken from rate-controlled UDP sender summary (30 Mbps/STA). ffmpeg target=30 Mbps/STA; difference=0.000% <= tolerance 2.000%. TCP is retained as achieved throughput and is not required to match the reference load.,0.0,26.5,26.4,88.33333333333333,88.0,30.0,30.0,0.419,0.0,30.0,30.0,60.0,26.5,26.4,30.0,30.0,D:\iPCF2_5GHz_CamAne_SN_BW20MHz\Prueba_Siemens2\Test 6,iPCF2_5GHz_CamAne_SN_BW20MHz,iPCF2_ON,C:\Users\rarriaga\Documents\ipcf_2 analisis\ALL_SN_RESULTS_FINAL\per_configuration\iPCF2_5GHz_CamAne_SN_BW20MHz
iPCF2,5GHz,CamAne,SN,20,6,idle,2025-11-25 11:40:24.000,2025-11-25 11:40:33.000,9.0,,,,,,30.0,60.0,iperf3_udp_sender,OK_UDP_FFMPEG_MATCH,Reference load taken from rate-controlled UDP sender summary (30 Mbps/STA). ffmpeg target=30 Mbps/STA; difference=0.000% <= tolerance 2.000%. TCP is retained as achieved throughput and is not required to match the reference load.,0.0,26.5,26.4,88.33333333333333,88.0,30.0,30.0,0.419,0.0,30.0,30.0,60.0,26.5,26.4,30.0,30.0,D:\iPCF2_5GHz_CamAne_SN_BW20MHz\Prueba_Siemens2\Test 6,iPCF2_5GHz_CamAne_SN_BW20MHz,iPCF2_ON,C:\Users\rarriaga\Documents\ipcf_2 analisis\ALL_SN_RESULTS_FINAL\per_configuration\iPCF2_5GHz_CamAne_SN_BW20MHz
iPCF2,5GHz,CamAne,SN,20,6,iperf_tcp,2025-11-25 11:40:33.000,2025-11-25 11:43:33.000,180.0,26.5,53.0,achieved_tcp_sender_throughput,26.5,53.0,30.0,60.0,iperf3_udp_sender,OK_UDP_FFMPEG_MATCH,Reference load taken from rate-controlled UDP sender summary (30 Mbps/STA). ffmpeg target=30 Mbps/STA; difference=0.000% <= tolerance 2.000%. TCP is retained as achieved throughput and is not required to match the reference load.,0.0,26.5,26.4,88.33333333333333,88.0,30.0,30.0,0.419,0.0,30.0,30.0,60.0,26.5,26.4,30.0,30.0,D:\iPCF2_5GHz_CamAne_SN_BW20MHz\Prueba_Siemens2\Test 6,iPCF2_5GHz_CamAne_SN_BW20MHz,iPCF2_ON,C:\Users\rarriaga\Documents\ipcf_2 analisis\ALL_SN_RESULTS_FINAL\per_configuration\iPCF2_5GHz_CamAne_SN_BW20MHz
iPCF2,5GHz,CamAne,SN,20,6,iperf_udp,2025-11-25 11:43:33.000,2025-11-25 11:46:33.000,180.0,30.0,60.0,controlled_udp_offered_rate,30.0,60.0,30.0,60.0,iperf3_udp_sender,OK_UDP_FFMPEG_MATCH,Reference load taken from rate-controlled UDP sender summary (30 Mbps/STA). ffmpeg target=30 Mbps/STA; difference=0.000% <= tolerance 2.000%. TCP is retained as achieved throughput and is not required to match the reference load.,0.0,26.5,26.4,88.33333333333333,88.0,30.0,30.0,0.419,0.0,30.0,30.0,60.0,26.5,26.4,30.0,30.0,D:\iPCF2_5GHz_CamAne_SN_BW20MHz\Prueba_Siemens2\Test 6,iPCF2_5GHz_CamAne_SN_BW20MHz,iPCF2_ON,C:\Users\rarriaga\Documents\ipcf_2 analisis\ALL_SN_RESULTS_FINAL\per_configuration\iPCF2_5GHz_CamAne_SN_BW20MHz
iPCF2,5GHz,CamAne,SN,20,7,ffmpeg_udp,2025-11-25 12:01:01.000,2025-11-25 12:04:01.000,180.0,35.0,70.0,ffmpeg_sdp_target_rate,35.0,70.0,35.0,70.0,iperf3_udp_sender,OK_UDP_FFMPEG_MATCH,Reference load taken from rate-controlled UDP sender summary (35 Mbps/STA). ffmpeg target=35 Mbps/STA; difference=0.000% <= tolerance 2.000%. TCP is retained as achieved throughput and is not required to match the reference load.,0.0,26.1,25.9,74.57142857142857,74.0,35.0,35.0,0.461,0.0,35.0,35.0,70.0,26.1,25.9,35.0,35.0,D:\iPCF2_5GHz_CamAne_SN_BW20MHz\Prueba_Siemens2\Test 7,iPCF2_5GHz_CamAne_SN_BW20MHz,iPCF2_ON,C:\Users\rarriaga\Documents\ipcf_2 analisis\ALL_SN_RESULTS_FINAL\per_configuration\iPCF2_5GHz_CamAne_SN_BW20MHz
iPCF2,5GHz,CamAne,SN,20,7,idle,2025-11-25 11:54:51.000,2025-11-25 11:55:00.000,9.0,,,,,,35.0,70.0,iperf3_udp_sender,OK_UDP_FFMPEG_MATCH,Reference load taken from rate-controlled UDP sender summary (35 Mbps/STA). ffmpeg target=35 Mbps/STA; difference=0.000% <= tolerance 2.000%. TCP is retained as achieved throughput and is not required to match the reference load.,0.0,26.1,25.9,74.57142857142857,74.0,35.0,35.0,0.461,0.0,35.0,35.0,70.0,26.1,25.9,35.0,35.0,D:\iPCF2_5GHz_CamAne_SN_BW20MHz\Prueba_Siemens2\Test 7,iPCF2_5GHz_CamAne_SN_BW20MHz,iPCF2_ON,C:\Users\rarriaga\Documents\ipcf_2 analisis\ALL_SN_RESULTS_FINAL\per_configuration\iPCF2_5GHz_CamAne_SN_BW20MHz
iPCF2,5GHz,CamAne,SN,20,7,iperf_tcp,2025-11-25 11:55:00.000,2025-11-25 11:58:00.000,180.0,26.1,52.2,achieved_tcp_sender_throughput,26.1,52.2,35.0,70.0,iperf3_udp_sender,OK_UDP_FFMPEG_MATCH,Reference load taken from rate-controlled UDP sender summary (35 Mbps/STA). ffmpeg target=35 Mbps/STA; difference=0.000% <= tolerance 2.000%. TCP is retained as achieved throughput and is not required to match the reference load.,0.0,26.1,25.9,74.57142857142857,74.0,35.0,35.0,0.461,0.0,35.0,35.0,70.0,26.1,25.9,35.0,35.0,D:\iPCF2_5GHz_CamAne_SN_BW20MHz\Prueba_Siemens2\Test 7,iPCF2_5GHz_CamAne_SN_BW20MHz,iPCF2_ON,C:\Users\rarriaga\Documents\ipcf_2 analisis\ALL_SN_RESULTS_FINAL\per_configuration\iPCF2_5GHz_CamAne_SN_BW20MHz
iPCF2,5GHz,CamAne,SN,20,7,iperf_udp,2025-11-25 11:58:00.000,2025-11-25 12:01:00.000,180.0,35.0,70.0,controlled_udp_offered_rate,35.0,70.0,35.0,70.0,iperf3_udp_sender,OK_UDP_FFMPEG_MATCH,Reference load taken from rate-controlled UDP sender summary (35 Mbps/STA). ffmpeg target=35 Mbps/STA; difference=0.000% <= tolerance 2.000%. TCP is retained as achieved throughput and is not required to match the reference load.,0.0,26.1,25.9,74.57142857142857,74.0,35.0,35.0,0.461,0.0,35.0,35.0,70.0,26.1,25.9,35.0,35.0,D:\iPCF2_5GHz_CamAne_SN_BW20MHz\Prueba_Siemens2\Test 7,iPCF2_5GHz_CamAne_SN_BW20MHz,iPCF2_ON,C:\Users\rarriaga\Documents\ipcf_2 analisis\ALL_SN_RESULTS_FINAL\per_configuration\iPCF2_5GHz_CamAne_SN_BW20MHz
iPCF2,5GHz,CamAne,SN,20,8,ffmpeg_udp,2025-11-25 12:12:13.000,2025-11-25 12:15:13.000,180.0,40.0,80.0,ffmpeg_sdp_target_rate,40.0,80.0,40.0,80.0,iperf3_udp_sender,OK_UDP_FFMPEG_MATCH,Reference load taken from rate-controlled UDP sender summary (40 Mbps/STA). ffmpeg target=40 Mbps/STA; difference=0.000% <= tolerance 2.000%. TCP is retained as achieved throughput and is not required to match the reference load.,0.0,26.8,26.7,67.0,66.75,40.0,35.8,0.344,10.0,40.0,40.0,80.0,26.8,26.7,40.0,35.8,D:\iPCF2_5GHz_CamAne_SN_BW20MHz\Prueba_Siemens2\Test 8,iPCF2_5GHz_CamAne_SN_BW20MHz,iPCF2_ON,C:\Users\rarriaga\Documents\ipcf_2 analisis\ALL_SN_RESULTS_FINAL\per_configuration\iPCF2_5GHz_CamAne_SN_BW20MHz
iPCF2,5GHz,CamAne,SN,20,8,idle,2025-11-25 12:06:03.000,2025-11-25 12:06:12.000,9.0,,,,,,40.0,80.0,iperf3_udp_sender,OK_UDP_FFMPEG_MATCH,Reference load taken from rate-controlled UDP sender summary (40 Mbps/STA). ffmpeg target=40 Mbps/STA; difference=0.000% <= tolerance 2.000%. TCP is retained as achieved throughput and is not required to match the reference load.,0.0,26.8,26.7,67.0,66.75,40.0,35.8,0.344,10.0,40.0,40.0,80.0,26.8,26.7,40.0,35.8,D:\iPCF2_5GHz_CamAne_SN_BW20MHz\Prueba_Siemens2\Test 8,iPCF2_5GHz_CamAne_SN_BW20MHz,iPCF2_ON,C:\Users\rarriaga\Documents\ipcf_2 analisis\ALL_SN_RESULTS_FINAL\per_configuration\iPCF2_5GHz_CamAne_SN_BW20MHz
iPCF2,5GHz,CamAne,SN,20,8,iperf_tcp,2025-11-25 12:06:12.000,2025-11-25 12:09:12.000,180.0,26.8,53.6,achieved_tcp_sender_throughput,26.8,53.6,40.0,80.0,iperf3_udp_sender,OK_UDP_FFMPEG_MATCH,Reference load taken from rate-controlled UDP sender summary (40 Mbps/STA). ffmpeg target=40 Mbps/STA; difference=0.000% <= tolerance 2.000%. TCP is retained as achieved throughput and is not required to match the reference load.,0.0,26.8,26.7,67.0,66.75,40.0,35.8,0.344,10.0,40.0,40.0,80.0,26.8,26.7,40.0,35.8,D:\iPCF2_5GHz_CamAne_SN_BW20MHz\Prueba_Siemens2\Test 8,iPCF2_5GHz_CamAne_SN_BW20MHz,iPCF2_ON,C:\Users\rarriaga\Documents\ipcf_2 analisis\ALL_SN_RESULTS_FINAL\per_configuration\iPCF2_5GHz_CamAne_SN_BW20MHz
iPCF2,5GHz,CamAne,SN,20,8,iperf_udp,2025-11-25 12:09:12.000,2025-11-25 12:12:12.000,180.0,40.0,80.0,controlled_udp_offered_rate,40.0,80.0,40.0,80.0,iperf3_udp_sender,OK_UDP_FFMPEG_MATCH,Reference load taken from rate-controlled UDP sender summary (40 Mbps/STA). ffmpeg target=40 Mbps/STA; difference=0.000% <= tolerance 2.000%. TCP is retained as achieved throughput and is not required to match the reference load.,0.0,26.8,26.7,67.0,66.75,40.0,35.8,0.344,10.0,40.0,40.0,80.0,26.8,26.7,40.0,35.8,D:\iPCF2_5GHz_CamAne_SN_BW20MHz\Prueba_Siemens2\Test 8,iPCF2_5GHz_CamAne_SN_BW20MHz,iPCF2_ON,C:\Users\rarriaga\Documents\ipcf_2 analisis\ALL_SN_RESULTS_FINAL\per_configuration\iPCF2_5GHz_CamAne_SN_BW20MHz
iPCF2,5GHz,CamAne,SN,20,9,ffmpeg_udp,2025-11-25 12:30:33.000,2025-11-25 12:33:33.000,180.0,45.0,90.0,ffmpeg_sdp_target_rate,45.0,90.0,45.0,90.0,iperf3_udp_sender,OK_UDP_FFMPEG_MATCH,Reference load taken from rate-controlled UDP sender summary (45 Mbps/STA). ffmpeg target=45 Mbps/STA; difference=0.000% <= tolerance 2.000%. TCP is retained as achieved throughput and is not required to match the reference load.,0.0,26.5,26.4,58.888888888888886,58.666666666666664,45.0,35.3,1.293,21.0,45.0,45.0,90.0,26.5,26.4,45.0,35.3,D:\iPCF2_5GHz_CamAne_SN_BW20MHz\Prueba_Siemens2\Test 9,iPCF2_5GHz_CamAne_SN_BW20MHz,iPCF2_ON,C:\Users\rarriaga\Documents\ipcf_2 analisis\ALL_SN_RESULTS_FINAL\per_configuration\iPCF2_5GHz_CamAne_SN_BW20MHz
iPCF2,5GHz,CamAne,SN,20,9,idle,2025-11-25 12:24:22.000,2025-11-25 12:24:31.000,9.0,,,,,,45.0,90.0,iperf3_udp_sender,OK_UDP_FFMPEG_MATCH,Reference load taken from rate-controlled UDP sender summary (45 Mbps/STA). ffmpeg target=45 Mbps/STA; difference=0.000% <= tolerance 2.000%. TCP is retained as achieved throughput and is not required to match the reference load.,0.0,26.5,26.4,58.888888888888886,58.666666666666664,45.0,35.3,1.293,21.0,45.0,45.0,90.0,26.5,26.4,45.0,35.3,D:\iPCF2_5GHz_CamAne_SN_BW20MHz\Prueba_Siemens2\Test 9,iPCF2_5GHz_CamAne_SN_BW20MHz,iPCF2_ON,C:\Users\rarriaga\Documents\ipcf_2 analisis\ALL_SN_RESULTS_FINAL\per_configuration\iPCF2_5GHz_CamAne_SN_BW20MHz
iPCF2,5GHz,CamAne,SN,20,9,iperf_tcp,2025-11-25 12:24:31.000,2025-11-25 12:27:31.000,180.0,26.5,53.0,achieved_tcp_sender_throughput,26.5,53.0,45.0,90.0,iperf3_udp_sender,OK_UDP_FFMPEG_MATCH,Reference load taken from rate-controlled UDP sender summary (45 Mbps/STA). ffmpeg target=45 Mbps/STA; difference=0.000% <= tolerance 2.000%. TCP is retained as achieved throughput and is not required to match the reference load.,0.0,26.5,26.4,58.888888888888886,58.666666666666664,45.0,35.3,1.293,21.0,45.0,45.0,90.0,26.5,26.4,45.0,35.3,D:\iPCF2_5GHz_CamAne_SN_BW20MHz\Prueba_Siemens2\Test 9,iPCF2_5GHz_CamAne_SN_BW20MHz,iPCF2_ON,C:\Users\rarriaga\Documents\ipcf_2 analisis\ALL_SN_RESULTS_FINAL\per_configuration\iPCF2_5GHz_CamAne_SN_BW20MHz
iPCF2,5GHz,CamAne,SN,20,9,iperf_udp,2025-11-25 12:27:31.000,2025-11-25 12:30:31.000,180.0,45.0,90.0,controlled_udp_offered_rate,45.0,90.0,45.0,90.0,iperf3_udp_sender,OK_UDP_FFMPEG_MATCH,Reference load taken from rate-controlled UDP sender summary (45 Mbps/STA). ffmpeg target=45 Mbps/STA; difference=0.000% <= tolerance 2.000%. TCP is retained as achieved throughput and is not required to match the reference load.,0.0,26.5,26.4,58.888888888888886,58.666666666666664,45.0,35.3,1.293,21.0,45.0,45.0,90.0,26.5,26.4,45.0,35.3,D:\iPCF2_5GHz_CamAne_SN_BW20MHz\Prueba_Siemens2\Test 9,iPCF2_5GHz_CamAne_SN_BW20MHz,iPCF2_ON,C:\Users\rarriaga\Documents\ipcf_2 analisis\ALL_SN_RESULTS_FINAL\per_configuration\iPCF2_5GHz_CamAne_SN_BW20MHz
iPCF2,5GHz,CamAne,SN,20,10,ffmpeg_udp,2025-11-25 12:46:57.000,2025-11-25 12:49:57.000,180.0,50.0,100.0,ffmpeg_sdp_target_rate,50.0,100.0,50.0,100.0,iperf3_udp_sender,OK_UDP_FFMPEG_MATCH,Reference load taken from rate-controlled UDP sender summary (50 Mbps/STA). ffmpeg target=50 Mbps/STA; difference=0.000% <= tolerance 2.000%. TCP is retained as achieved throughput and is not required to match the reference load.,0.0,26.3,26.1,52.6,52.2,50.0,35.6,1.006,29.0,50.0,50.0,100.0,26.3,26.1,50.0,35.6,D:\iPCF2_5GHz_CamAne_SN_BW20MHz\Prueba_Siemens2\Test 10,iPCF2_5GHz_CamAne_SN_BW20MHz,iPCF2_ON,C:\Users\rarriaga\Documents\ipcf_2 analisis\ALL_SN_RESULTS_FINAL\per_configuration\iPCF2_5GHz_CamAne_SN_BW20MHz
iPCF2,5GHz,CamAne,SN,20,10,idle,2025-11-25 12:40:47.000,2025-11-25 12:40:56.000,9.0,,,,,,50.0,100.0,iperf3_udp_sender,OK_UDP_FFMPEG_MATCH,Reference load taken from rate-controlled UDP sender summary (50 Mbps/STA). ffmpeg target=50 Mbps/STA; difference=0.000% <= tolerance 2.000%. TCP is retained as achieved throughput and is not required to match the reference load.,0.0,26.3,26.1,52.6,52.2,50.0,35.6,1.006,29.0,50.0,50.0,100.0,26.3,26.1,50.0,35.6,D:\iPCF2_5GHz_CamAne_SN_BW20MHz\Prueba_Siemens2\Test 10,iPCF2_5GHz_CamAne_SN_BW20MHz,iPCF2_ON,C:\Users\rarriaga\Documents\ipcf_2 analisis\ALL_SN_RESULTS_FINAL\per_configuration\iPCF2_5GHz_CamAne_SN_BW20MHz
iPCF2,5GHz,CamAne,SN,20,10,iperf_tcp,2025-11-25 12:40:56.000,2025-11-25 12:43:56.000,180.0,26.3,52.6,achieved_tcp_sender_throughput,26.3,52.6,50.0,100.0,iperf3_udp_sender,OK_UDP_FFMPEG_MATCH,Reference load taken from rate-controlled UDP sender summary (50 Mbps/STA). ffmpeg target=50 Mbps/STA; difference=0.000% <= tolerance 2.000%. TCP is retained as achieved throughput and is not required to match the reference load.,0.0,26.3,26.1,52.6,52.2,50.0,35.6,1.006,29.0,50.0,50.0,100.0,26.3,26.1,50.0,35.6,D:\iPCF2_5GHz_CamAne_SN_BW20MHz\Prueba_Siemens2\Test 10,iPCF2_5GHz_CamAne_SN_BW20MHz,iPCF2_ON,C:\Users\rarriaga\Documents\ipcf_2 analisis\ALL_SN_RESULTS_FINAL\per_configuration\iPCF2_5GHz_CamAne_SN_BW20MHz
iPCF2,5GHz,CamAne,SN,20,10,iperf_udp,2025-11-25 12:43:56.000,2025-11-25 12:46:56.000,180.0,50.0,100.0,controlled_udp_offered_rate,50.0,100.0,50.0,100.0,iperf3_udp_sender,OK_UDP_FFMPEG_MATCH,Reference load taken from rate-controlled UDP sender summary (50 Mbps/STA). ffmpeg target=50 Mbps/STA; difference=0.000% <= tolerance 2.000%. TCP is retained as achieved throughput and is not required to match the reference load.,0.0,26.3,26.1,52.6,52.2,50.0,35.6,1.006,29.0,50.0,50.0,100.0,26.3,26.1,50.0,35.6,D:\iPCF2_5GHz_CamAne_SN_BW20MHz\Prueba_Siemens2\Test 10,iPCF2_5GHz_CamAne_SN_BW20MHz,iPCF2_ON,C:\Users\rarriaga\Documents\ipcf_2 analisis\ALL_SN_RESULTS_FINAL\per_configuration\iPCF2_5GHz_CamAne_SN_BW20MHz
iPCF2,5GHz,CamAne,SN,40,1,ffmpeg_udp,2025-11-26 04:40:14.000,2025-11-26 04:43:14.000,180.0,10.0,20.0,ffmpeg_sdp_target_rate,10.0,20.0,10.0,20.0,iperf3_udp_sender,OK_UDP_FFMPEG_MATCH,Reference load taken from rate-controlled UDP sender summary (10 Mbps/STA). ffmpeg target=10 Mbps/STA; difference=0.000% <= tolerance 2.000%. TCP is retained as achieved throughput and is not required to match the reference load.,0.0,10.0,10.0,100.0,100.0,10.0,10.0,0.382,0.0,10.0,10.0,20.0,10.0,10.0,10.0,10.0,D:\iPCF2_5GHz_CamAne_SN_BW40MHz\Prueba_Siemens2\Test 1,iPCF2_5GHz_CamAne_SN_BW40MHz,iPCF2_ON,C:\Users\rarriaga\Documents\ipcf_2 analisis\ALL_SN_RESULTS_FINAL\per_configuration\iPCF2_5GHz_CamAne_SN_BW40MHz
iPCF2,5GHz,CamAne,SN,40,1,idle,2025-11-26 04:31:15.000,2025-11-26 04:34:14.000,179.0,,,,,,10.0,20.0,iperf3_udp_sender,OK_UDP_FFMPEG_MATCH,Reference load taken from rate-controlled UDP sender summary (10 Mbps/STA). ffmpeg target=10 Mbps/STA; difference=0.000% <= tolerance 2.000%. TCP is retained as achieved throughput and is not required to match the reference load.,0.0,10.0,10.0,100.0,100.0,10.0,10.0,0.382,0.0,10.0,10.0,20.0,10.0,10.0,10.0,10.0,D:\iPCF2_5GHz_CamAne_SN_BW40MHz\Prueba_Siemens2\Test 1,iPCF2_5GHz_CamAne_SN_BW40MHz,iPCF2_ON,C:\Users\rarriaga\Documents\ipcf_2 analisis\ALL_SN_RESULTS_FINAL\per_configuration\iPCF2_5GHz_CamAne_SN_BW40MHz
iPCF2,5GHz,CamAne,SN,40,1,iperf_tcp,2025-11-26 04:34:14.000,2025-11-26 04:37:14.000,180.0,10.0,20.0,achieved_tcp_sender_throughput,10.0,20.0,10.0,20.0,iperf3_udp_sender,OK_UDP_FFMPEG_MATCH,Reference load taken from rate-controlled UDP sender summary (10 Mbps/STA). ffmpeg target=10 Mbps/STA; difference=0.000% <= tolerance 2.000%. TCP is retained as achieved throughput and is not required to match the reference load.,0.0,10.0,10.0,100.0,100.0,10.0,10.0,0.382,0.0,10.0,10.0,20.0,10.0,10.0,10.0,10.0,D:\iPCF2_5GHz_CamAne_SN_BW40MHz\Prueba_Siemens2\Test 1,iPCF2_5GHz_CamAne_SN_BW40MHz,iPCF2_ON,C:\Users\rarriaga\Documents\ipcf_2 analisis\ALL_SN_RESULTS_FINAL\per_configuration\iPCF2_5GHz_CamAne_SN_BW40MHz
iPCF2,5GHz,CamAne,SN,40,1,iperf_udp,2025-11-26 04:37:14.000,2025-11-26 04:40:14.000,180.0,10.0,20.0,controlled_udp_offered_rate,10.0,20.0,10.0,20.0,iperf3_udp_sender,OK_UDP_FFMPEG_MATCH,Reference load taken from rate-controlled UDP sender summary (10 Mbps/STA). ffmpeg target=10 Mbps/STA; difference=0.000% <= tolerance 2.000%. TCP is retained as achieved throughput and is not required to match the reference load.,0.0,10.0,10.0,100.0,100.0,10.0,10.0,0.382,0.0,10.0,10.0,20.0,10.0,10.0,10.0,10.0,D:\iPCF2_5GHz_CamAne_SN_BW40MHz\Prueba_Siemens2\Test 1,iPCF2_5GHz_CamAne_SN_BW40MHz,iPCF2_ON,C:\Users\rarriaga\Documents\ipcf_2 analisis\ALL_SN_RESULTS_FINAL\per_configuration\iPCF2_5GHz_CamAne_SN_BW40MHz
iPCF2,5GHz,CamAne,SN,40,2,ffmpeg_udp,2025-11-26 04:52:06.000,2025-11-26 04:55:06.000,180.0,20.0,40.0,ffmpeg_sdp_target_rate,20.0,40.0,20.0,40.0,iperf3_udp_sender,OK_UDP_FFMPEG_MATCH,Reference load taken from rate-controlled UDP sender summary (20 Mbps/STA). ffmpeg target=20 Mbps/STA; difference=0.000% <= tolerance 2.000%. TCP is retained as achieved throughput and is not required to match the reference load.,0.0,20.0,20.0,100.0,100.0,20.0,20.0,0.358,0.0,20.0,20.0,40.0,20.0,20.0,20.0,20.0,D:\iPCF2_5GHz_CamAne_SN_BW40MHz\Prueba_Siemens2\Test 2,iPCF2_5GHz_CamAne_SN_BW40MHz,iPCF2_ON,C:\Users\rarriaga\Documents\ipcf_2 analisis\ALL_SN_RESULTS_FINAL\per_configuration\iPCF2_5GHz_CamAne_SN_BW40MHz
iPCF2,5GHz,CamAne,SN,40,2,idle,2025-11-26 04:45:56.000,2025-11-26 04:46:05.000,9.0,,,,,,20.0,40.0,iperf3_udp_sender,OK_UDP_FFMPEG_MATCH,Reference load taken from rate-controlled UDP sender summary (20 Mbps/STA). ffmpeg target=20 Mbps/STA; difference=0.000% <= tolerance 2.000%. TCP is retained as achieved throughput and is not required to match the reference load.,0.0,20.0,20.0,100.0,100.0,20.0,20.0,0.358,0.0,20.0,20.0,40.0,20.0,20.0,20.0,20.0,D:\iPCF2_5GHz_CamAne_SN_BW40MHz\Prueba_Siemens2\Test 2,iPCF2_5GHz_CamAne_SN_BW40MHz,iPCF2_ON,C:\Users\rarriaga\Documents\ipcf_2 analisis\ALL_SN_RESULTS_FINAL\per_configuration\iPCF2_5GHz_CamAne_SN_BW40MHz
iPCF2,5GHz,CamAne,SN,40,2,iperf_tcp,2025-11-26 04:46:05.000,2025-11-26 04:49:05.000,180.0,20.0,40.0,achieved_tcp_sender_throughput,20.0,40.0,20.0,40.0,iperf3_udp_sender,OK_UDP_FFMPEG_MATCH,Reference load taken from rate-controlled UDP sender summary (20 Mbps/STA). ffmpeg target=20 Mbps/STA; difference=0.000% <= tolerance 2.000%. TCP is retained as achieved throughput and is not required to match the reference load.,0.0,20.0,20.0,100.0,100.0,20.0,20.0,0.358,0.0,20.0,20.0,40.0,20.0,20.0,20.0,20.0,D:\iPCF2_5GHz_CamAne_SN_BW40MHz\Prueba_Siemens2\Test 2,iPCF2_5GHz_CamAne_SN_BW40MHz,iPCF2_ON,C:\Users\rarriaga\Documents\ipcf_2 analisis\ALL_SN_RESULTS_FINAL\per_configuration\iPCF2_5GHz_CamAne_SN_BW40MHz
iPCF2,5GHz,CamAne,SN,40,2,iperf_udp,2025-11-26 04:49:05.000,2025-11-26 04:52:05.000,180.0,20.0,40.0,controlled_udp_offered_rate,20.0,40.0,20.0,40.0,iperf3_udp_sender,OK_UDP_FFMPEG_MATCH,Reference load taken from rate-controlled UDP sender summary (20 Mbps/STA). ffmpeg target=20 Mbps/STA; difference=0.000% <= tolerance 2.000%. TCP is retained as achieved throughput and is not required to match the reference load.,0.0,20.0,20.0,100.0,100.0,20.0,20.0,0.358,0.0,20.0,20.0,40.0,20.0,20.0,20.0,20.0,D:\iPCF2_5GHz_CamAne_SN_BW40MHz\Prueba_Siemens2\Test 2,iPCF2_5GHz_CamAne_SN_BW40MHz,iPCF2_ON,C:\Users\rarriaga\Documents\ipcf_2 analisis\ALL_SN_RESULTS_FINAL\per_configuration\iPCF2_5GHz_CamAne_SN_BW40MHz
iPCF2,5GHz,CamAne,SN,40,3,ffmpeg_udp,2025-11-26 05:04:22.000,2025-11-26 05:07:22.000,180.0,30.0,60.0,ffmpeg_sdp_target_rate,30.0,60.0,30.0,60.0,iperf3_udp_sender,OK_UDP_FFMPEG_MATCH,Reference load taken from rate-controlled UDP sender summary (30 Mbps/STA). ffmpeg target=30 Mbps/STA; difference=0.000% <= tolerance 2.000%. TCP is retained as achieved throughput and is not required to match the reference load.,0.0,30.0,30.0,100.0,100.0,30.0,30.0,0.366,0.0,30.0,30.0,60.0,30.0,30.0,30.0,30.0,D:\iPCF2_5GHz_CamAne_SN_BW40MHz\Prueba_Siemens2\Test 3,iPCF2_5GHz_CamAne_SN_BW40MHz,iPCF2_ON,C:\Users\rarriaga\Documents\ipcf_2 analisis\ALL_SN_RESULTS_FINAL\per_configuration\iPCF2_5GHz_CamAne_SN_BW40MHz
iPCF2,5GHz,CamAne,SN,40,3,idle,2025-11-26 04:58:13.000,2025-11-26 04:58:22.000,9.0,,,,,,30.0,60.0,iperf3_udp_sender,OK_UDP_FFMPEG_MATCH,Reference load taken from rate-controlled UDP sender summary (30 Mbps/STA). ffmpeg target=30 Mbps/STA; difference=0.000% <= tolerance 2.000%. TCP is retained as achieved throughput and is not required to match the reference load.,0.0,30.0,30.0,100.0,100.0,30.0,30.0,0.366,0.0,30.0,30.0,60.0,30.0,30.0,30.0,30.0,D:\iPCF2_5GHz_CamAne_SN_BW40MHz\Prueba_Siemens2\Test 3,iPCF2_5GHz_CamAne_SN_BW40MHz,iPCF2_ON,C:\Users\rarriaga\Documents\ipcf_2 analisis\ALL_SN_RESULTS_FINAL\per_configuration\iPCF2_5GHz_CamAne_SN_BW40MHz
iPCF2,5GHz,CamAne,SN,40,3,iperf_tcp,2025-11-26 04:58:22.000,2025-11-26 05:01:22.000,180.0,30.0,60.0,achieved_tcp_sender_throughput,30.0,60.0,30.0,60.0,iperf3_udp_sender,OK_UDP_FFMPEG_MATCH,Reference load taken from rate-controlled UDP sender summary (30 Mbps/STA). ffmpeg target=30 Mbps/STA; difference=0.000% <= tolerance 2.000%. TCP is retained as achieved throughput and is not required to match the reference load.,0.0,30.0,30.0,100.0,100.0,30.0,30.0,0.366,0.0,30.0,30.0,60.0,30.0,30.0,30.0,30.0,D:\iPCF2_5GHz_CamAne_SN_BW40MHz\Prueba_Siemens2\Test 3,iPCF2_5GHz_CamAne_SN_BW40MHz,iPCF2_ON,C:\Users\rarriaga\Documents\ipcf_2 analisis\ALL_SN_RESULTS_FINAL\per_configuration\iPCF2_5GHz_CamAne_SN_BW40MHz
iPCF2,5GHz,CamAne,SN,40,3,iperf_udp,2025-11-26 05:01:22.000,2025-11-26 05:04:22.000,180.0,30.0,60.0,controlled_udp_offered_rate,30.0,60.0,30.0,60.0,iperf3_udp_sender,OK_UDP_FFMPEG_MATCH,Reference load taken from rate-controlled UDP sender summary (30 Mbps/STA). ffmpeg target=30 Mbps/STA; difference=0.000% <= tolerance 2.000%. TCP is retained as achieved throughput and is not required to match the reference load.,0.0,30.0,30.0,100.0,100.0,30.0,30.0,0.366,0.0,30.0,30.0,60.0,30.0,30.0,30.0,30.0,D:\iPCF2_5GHz_CamAne_SN_BW40MHz\Prueba_Siemens2\Test 3,iPCF2_5GHz_CamAne_SN_BW40MHz,iPCF2_ON,C:\Users\rarriaga\Documents\ipcf_2 analisis\ALL_SN_RESULTS_FINAL\per_configuration\iPCF2_5GHz_CamAne_SN_BW40MHz
iPCF2,5GHz,CamAne,SN,40,4,ffmpeg_udp,2025-11-26 05:16:49.000,2025-11-26 05:19:49.000,180.0,40.0,80.0,ffmpeg_sdp_target_rate,40.0,80.0,40.0,80.0,iperf3_udp_sender,OK_UDP_FFMPEG_MATCH,Reference load taken from rate-controlled UDP sender summary (40 Mbps/STA). ffmpeg target=40 Mbps/STA; difference=0.000% <= tolerance 2.000%. TCP is retained as achieved throughput and is not required to match the reference load.,0.0,40.0,40.0,100.0,100.0,40.0,40.0,0.367,0.0,40.0,40.0,80.0,40.0,40.0,40.0,40.0,D:\iPCF2_5GHz_CamAne_SN_BW40MHz\Prueba_Siemens2\Test 4,iPCF2_5GHz_CamAne_SN_BW40MHz,iPCF2_ON,C:\Users\rarriaga\Documents\ipcf_2 analisis\ALL_SN_RESULTS_FINAL\per_configuration\iPCF2_5GHz_CamAne_SN_BW40MHz
iPCF2,5GHz,CamAne,SN,40,4,idle,2025-11-26 05:10:40.000,2025-11-26 05:10:49.000,9.0,,,,,,40.0,80.0,iperf3_udp_sender,OK_UDP_FFMPEG_MATCH,Reference load taken from rate-controlled UDP sender summary (40 Mbps/STA). ffmpeg target=40 Mbps/STA; difference=0.000% <= tolerance 2.000%. TCP is retained as achieved throughput and is not required to match the reference load.,0.0,40.0,40.0,100.0,100.0,40.0,40.0,0.367,0.0,40.0,40.0,80.0,40.0,40.0,40.0,40.0,D:\iPCF2_5GHz_CamAne_SN_BW40MHz\Prueba_Siemens2\Test 4,iPCF2_5GHz_CamAne_SN_BW40MHz,iPCF2_ON,C:\Users\rarriaga\Documents\ipcf_2 analisis\ALL_SN_RESULTS_FINAL\per_configuration\iPCF2_5GHz_CamAne_SN_BW40MHz
iPCF2,5GHz,CamAne,SN,40,4,iperf_tcp,2025-11-26 05:10:49.000,2025-11-26 05:13:49.000,180.0,40.0,80.0,achieved_tcp_sender_throughput,40.0,80.0,40.0,80.0,iperf3_udp_sender,OK_UDP_FFMPEG_MATCH,Reference load taken from rate-controlled UDP sender summary (40 Mbps/STA). ffmpeg target=40 Mbps/STA; difference=0.000% <= tolerance 2.000%. TCP is retained as achieved throughput and is not required to match the reference load.,0.0,40.0,40.0,100.0,100.0,40.0,40.0,0.367,0.0,40.0,40.0,80.0,40.0,40.0,40.0,40.0,D:\iPCF2_5GHz_CamAne_SN_BW40MHz\Prueba_Siemens2\Test 4,iPCF2_5GHz_CamAne_SN_BW40MHz,iPCF2_ON,C:\Users\rarriaga\Documents\ipcf_2 analisis\ALL_SN_RESULTS_FINAL\per_configuration\iPCF2_5GHz_CamAne_SN_BW40MHz
iPCF2,5GHz,CamAne,SN,40,4,iperf_udp,2025-11-26 05:13:49.000,2025-11-26 05:16:49.000,180.0,40.0,80.0,controlled_udp_offered_rate,40.0,80.0,40.0,80.0,iperf3_udp_sender,OK_UDP_FFMPEG_MATCH,Reference load taken from rate-controlled UDP sender summary (40 Mbps/STA). ffmpeg target=40 Mbps/STA; difference=0.000% <= tolerance 2.000%. TCP is retained as achieved throughput and is not required to match the reference load.,0.0,40.0,40.0,100.0,100.0,40.0,40.0,0.367,0.0,40.0,40.0,80.0,40.0,40.0,40.0,40.0,D:\iPCF2_5GHz_CamAne_SN_BW40MHz\Prueba_Siemens2\Test 4,iPCF2_5GHz_CamAne_SN_BW40MHz,iPCF2_ON,C:\Users\rarriaga\Documents\ipcf_2 analisis\ALL_SN_RESULTS_FINAL\per_configuration\iPCF2_5GHz_CamAne_SN_BW40MHz
iPCF2,5GHz,CamAne,SN,40,5,ffmpeg_udp,2025-11-26 05:27:27.000,2025-11-26 05:30:27.000,180.0,50.0,100.0,ffmpeg_sdp_target_rate,50.0,100.0,50.0,100.0,iperf3_udp_sender,OK_UDP_FFMPEG_MATCH,Reference load taken from rate-controlled UDP sender summary (50 Mbps/STA). ffmpeg target=50 Mbps/STA; difference=0.000% <= tolerance 2.000%. TCP is retained as achieved throughput and is not required to match the reference load.,0.0,50.0,50.0,100.0,100.0,50.0,50.0,0.323,0.0,50.0,50.0,100.0,50.0,50.0,50.0,50.0,D:\iPCF2_5GHz_CamAne_SN_BW40MHz\Prueba_Siemens2\Test 5,iPCF2_5GHz_CamAne_SN_BW40MHz,iPCF2_ON,C:\Users\rarriaga\Documents\ipcf_2 analisis\ALL_SN_RESULTS_FINAL\per_configuration\iPCF2_5GHz_CamAne_SN_BW40MHz
iPCF2,5GHz,CamAne,SN,40,5,idle,2025-11-26 05:21:17.000,2025-11-26 05:21:26.000,9.0,,,,,,50.0,100.0,iperf3_udp_sender,OK_UDP_FFMPEG_MATCH,Reference load taken from rate-controlled UDP sender summary (50 Mbps/STA). ffmpeg target=50 Mbps/STA; difference=0.000% <= tolerance 2.000%. TCP is retained as achieved throughput and is not required to match the reference load.,0.0,50.0,50.0,100.0,100.0,50.0,50.0,0.323,0.0,50.0,50.0,100.0,50.0,50.0,50.0,50.0,D:\iPCF2_5GHz_CamAne_SN_BW40MHz\Prueba_Siemens2\Test 5,iPCF2_5GHz_CamAne_SN_BW40MHz,iPCF2_ON,C:\Users\rarriaga\Documents\ipcf_2 analisis\ALL_SN_RESULTS_FINAL\per_configuration\iPCF2_5GHz_CamAne_SN_BW40MHz
iPCF2,5GHz,CamAne,SN,40,5,iperf_tcp,2025-11-26 05:21:26.000,2025-11-26 05:24:26.000,180.0,50.0,100.0,achieved_tcp_sender_throughput,50.0,100.0,50.0,100.0,iperf3_udp_sender,OK_UDP_FFMPEG_MATCH,Reference load taken from rate-controlled UDP sender summary (50 Mbps/STA). ffmpeg target=50 Mbps/STA; difference=0.000% <= tolerance 2.000%. TCP is retained as achieved throughput and is not required to match the reference load.,0.0,50.0,50.0,100.0,100.0,50.0,50.0,0.323,0.0,50.0,50.0,100.0,50.0,50.0,50.0,50.0,D:\iPCF2_5GHz_CamAne_SN_BW40MHz\Prueba_Siemens2\Test 5,iPCF2_5GHz_CamAne_SN_BW40MHz,iPCF2_ON,C:\Users\rarriaga\Documents\ipcf_2 analisis\ALL_SN_RESULTS_FINAL\per_configuration\iPCF2_5GHz_CamAne_SN_BW40MHz
iPCF2,5GHz,CamAne,SN,40,5,iperf_udp,2025-11-26 05:24:26.000,2025-11-26 05:27:26.000,180.0,50.0,100.0,controlled_udp_offered_rate,50.0,100.0,50.0,100.0,iperf3_udp_sender,OK_UDP_FFMPEG_MATCH,Reference load taken from rate-controlled UDP sender summary (50 Mbps/STA). ffmpeg target=50 Mbps/STA; difference=0.000% <= tolerance 2.000%. TCP is retained as achieved throughput and is not required to match the reference load.,0.0,50.0,50.0,100.0,100.0,50.0,50.0,0.323,0.0,50.0,50.0,100.0,50.0,50.0,50.0,50.0,D:\iPCF2_5GHz_CamAne_SN_BW40MHz\Prueba_Siemens2\Test 5,iPCF2_5GHz_CamAne_SN_BW40MHz,iPCF2_ON,C:\Users\rarriaga\Documents\ipcf_2 analisis\ALL_SN_RESULTS_FINAL\per_configuration\iPCF2_5GHz_CamAne_SN_BW40MHz
iPCF2,5GHz,CamAne,SN,40,6,ffmpeg_udp,2025-11-26 05:39:01.000,2025-11-26 05:42:01.000,180.0,60.0,120.0,ffmpeg_sdp_target_rate,60.0,120.0,60.0,120.0,iperf3_udp_sender,OK_UDP_FFMPEG_MATCH,Reference load taken from rate-controlled UDP sender summary (60 Mbps/STA). ffmpeg target=60 Mbps/STA; difference=0.000% <= tolerance 2.000%. TCP is retained as achieved throughput and is not required to match the reference load.,0.0,58.7,58.6,97.83333333333333,97.66666666666667,60.0,60.0,0.263,0.0,60.0,60.0,120.0,58.7,58.6,60.0,60.0,D:\iPCF2_5GHz_CamAne_SN_BW40MHz\Prueba_Siemens2\Test 6,iPCF2_5GHz_CamAne_SN_BW40MHz,iPCF2_ON,C:\Users\rarriaga\Documents\ipcf_2 analisis\ALL_SN_RESULTS_FINAL\per_configuration\iPCF2_5GHz_CamAne_SN_BW40MHz
iPCF2,5GHz,CamAne,SN,40,6,idle,2025-11-26 05:32:51.000,2025-11-26 05:33:00.000,9.0,,,,,,60.0,120.0,iperf3_udp_sender,OK_UDP_FFMPEG_MATCH,Reference load taken from rate-controlled UDP sender summary (60 Mbps/STA). ffmpeg target=60 Mbps/STA; difference=0.000% <= tolerance 2.000%. TCP is retained as achieved throughput and is not required to match the reference load.,0.0,58.7,58.6,97.83333333333333,97.66666666666667,60.0,60.0,0.263,0.0,60.0,60.0,120.0,58.7,58.6,60.0,60.0,D:\iPCF2_5GHz_CamAne_SN_BW40MHz\Prueba_Siemens2\Test 6,iPCF2_5GHz_CamAne_SN_BW40MHz,iPCF2_ON,C:\Users\rarriaga\Documents\ipcf_2 analisis\ALL_SN_RESULTS_FINAL\per_configuration\iPCF2_5GHz_CamAne_SN_BW40MHz
iPCF2,5GHz,CamAne,SN,40,6,iperf_tcp,2025-11-26 05:33:00.000,2025-11-26 05:36:00.000,180.0,58.7,117.4,achieved_tcp_sender_throughput,58.7,117.4,60.0,120.0,iperf3_udp_sender,OK_UDP_FFMPEG_MATCH,Reference load taken from rate-controlled UDP sender summary (60 Mbps/STA). ffmpeg target=60 Mbps/STA; difference=0.000% <= tolerance 2.000%. TCP is retained as achieved throughput and is not required to match the reference load.,0.0,58.7,58.6,97.83333333333333,97.66666666666667,60.0,60.0,0.263,0.0,60.0,60.0,120.0,58.7,58.6,60.0,60.0,D:\iPCF2_5GHz_CamAne_SN_BW40MHz\Prueba_Siemens2\Test 6,iPCF2_5GHz_CamAne_SN_BW40MHz,iPCF2_ON,C:\Users\rarriaga\Documents\ipcf_2 analisis\ALL_SN_RESULTS_FINAL\per_configuration\iPCF2_5GHz_CamAne_SN_BW40MHz
iPCF2,5GHz,CamAne,SN,40,6,iperf_udp,2025-11-26 05:36:00.000,2025-11-26 05:39:00.000,180.0,60.0,120.0,controlled_udp_offered_rate,60.0,120.0,60.0,120.0,iperf3_udp_sender,OK_UDP_FFMPEG_MATCH,Reference load taken from rate-controlled UDP sender summary (60 Mbps/STA). ffmpeg target=60 Mbps/STA; difference=0.000% <= tolerance 2.000%. TCP is retained as achieved throughput and is not required to match the reference load.,0.0,58.7,58.6,97.83333333333333,97.66666666666667,60.0,60.0,0.263,0.0,60.0,60.0,120.0,58.7,58.6,60.0,60.0,D:\iPCF2_5GHz_CamAne_SN_BW40MHz\Prueba_Siemens2\Test 6,iPCF2_5GHz_CamAne_SN_BW40MHz,iPCF2_ON,C:\Users\rarriaga\Documents\ipcf_2 analisis\ALL_SN_RESULTS_FINAL\per_configuration\iPCF2_5GHz_CamAne_SN_BW40MHz
iPCF2,5GHz,CamAne,SN,40,7,ffmpeg_udp,2025-11-26 06:54:08.000,2025-11-26 06:57:08.000,180.0,70.0,140.0,ffmpeg_sdp_target_rate,70.0,140.0,70.0,140.0,iperf3_udp_sender,OK_UDP_FFMPEG_MATCH,Reference load taken from rate-controlled UDP sender summary (70 Mbps/STA). ffmpeg target=70 Mbps/STA; difference=0.000% <= tolerance 2.000%. TCP is retained as achieved throughput and is not required to match the reference load.,0.0,53.9,53.7,77.0,76.71428571428571,70.0,70.0,0.237,0.0,70.0,70.0,140.0,53.9,53.7,70.0,70.0,D:\iPCF2_5GHz_CamAne_SN_BW40MHz\Prueba_Siemens2\Test 7,iPCF2_5GHz_CamAne_SN_BW40MHz,iPCF2_ON,C:\Users\rarriaga\Documents\ipcf_2 analisis\ALL_SN_RESULTS_FINAL\per_configuration\iPCF2_5GHz_CamAne_SN_BW40MHz
iPCF2,5GHz,CamAne,SN,40,7,idle,2025-11-26 06:47:58.000,2025-11-26 06:48:08.000,10.0,,,,,,70.0,140.0,iperf3_udp_sender,OK_UDP_FFMPEG_MATCH,Reference load taken from rate-controlled UDP sender summary (70 Mbps/STA). ffmpeg target=70 Mbps/STA; difference=0.000% <= tolerance 2.000%. TCP is retained as achieved throughput and is not required to match the reference load.,0.0,53.9,53.7,77.0,76.71428571428571,70.0,70.0,0.237,0.0,70.0,70.0,140.0,53.9,53.7,70.0,70.0,D:\iPCF2_5GHz_CamAne_SN_BW40MHz\Prueba_Siemens2\Test 7,iPCF2_5GHz_CamAne_SN_BW40MHz,iPCF2_ON,C:\Users\rarriaga\Documents\ipcf_2 analisis\ALL_SN_RESULTS_FINAL\per_configuration\iPCF2_5GHz_CamAne_SN_BW40MHz
iPCF2,5GHz,CamAne,SN,40,7,iperf_tcp,2025-11-26 06:48:08.000,2025-11-26 06:51:08.000,180.0,53.9,107.8,achieved_tcp_sender_throughput,53.9,107.8,70.0,140.0,iperf3_udp_sender,OK_UDP_FFMPEG_MATCH,Reference load taken from rate-controlled UDP sender summary (70 Mbps/STA). ffmpeg target=70 Mbps/STA; difference=0.000% <= tolerance 2.000%. TCP is retained as achieved throughput and is not required to match the reference load.,0.0,53.9,53.7,77.0,76.71428571428571,70.0,70.0,0.237,0.0,70.0,70.0,140.0,53.9,53.7,70.0,70.0,D:\iPCF2_5GHz_CamAne_SN_BW40MHz\Prueba_Siemens2\Test 7,iPCF2_5GHz_CamAne_SN_BW40MHz,iPCF2_ON,C:\Users\rarriaga\Documents\ipcf_2 analisis\ALL_SN_RESULTS_FINAL\per_configuration\iPCF2_5GHz_CamAne_SN_BW40MHz
iPCF2,5GHz,CamAne,SN,40,7,iperf_udp,2025-11-26 06:51:08.000,2025-11-26 06:54:08.000,180.0,70.0,140.0,controlled_udp_offered_rate,70.0,140.0,70.0,140.0,iperf3_udp_sender,OK_UDP_FFMPEG_MATCH,Reference load taken from rate-controlled UDP sender summary (70 Mbps/STA). ffmpeg target=70 Mbps/STA; difference=0.000% <= tolerance 2.000%. TCP is retained as achieved throughput and is not required to match the reference load.,0.0,53.9,53.7,77.0,76.71428571428571,70.0,70.0,0.237,0.0,70.0,70.0,140.0,53.9,53.7,70.0,70.0,D:\iPCF2_5GHz_CamAne_SN_BW40MHz\Prueba_Siemens2\Test 7,iPCF2_5GHz_CamAne_SN_BW40MHz,iPCF2_ON,C:\Users\rarriaga\Documents\ipcf_2 analisis\ALL_SN_RESULTS_FINAL\per_configuration\iPCF2_5GHz_CamAne_SN_BW40MHz
iPCF2,5GHz,CamAne,SN,40,8,ffmpeg_udp,2025-11-26 07:11:18.000,2025-11-26 07:14:18.000,180.0,80.0,160.0,ffmpeg_sdp_target_rate,80.0,160.0,80.0,160.0,iperf3_udp_sender,OK_UDP_FFMPEG_MATCH,Reference load taken from rate-controlled UDP sender summary (80 Mbps/STA). ffmpeg target=80 Mbps/STA; difference=0.000% <= tolerance 2.000%. TCP is retained as achieved throughput and is not required to match the reference load.,0.0,56.7,56.5,70.875,70.625,80.0,76.7,0.532,3.4,80.0,80.0,160.0,56.7,56.5,80.0,76.7,D:\iPCF2_5GHz_CamAne_SN_BW40MHz\Prueba_Siemens2\Test 8,iPCF2_5GHz_CamAne_SN_BW40MHz,iPCF2_ON,C:\Users\rarriaga\Documents\ipcf_2 analisis\ALL_SN_RESULTS_FINAL\per_configuration\iPCF2_5GHz_CamAne_SN_BW40MHz
iPCF2,5GHz,CamAne,SN,40,8,idle,2025-11-26 07:05:08.000,2025-11-26 07:05:17.000,9.0,,,,,,80.0,160.0,iperf3_udp_sender,OK_UDP_FFMPEG_MATCH,Reference load taken from rate-controlled UDP sender summary (80 Mbps/STA). ffmpeg target=80 Mbps/STA; difference=0.000% <= tolerance 2.000%. TCP is retained as achieved throughput and is not required to match the reference load.,0.0,56.7,56.5,70.875,70.625,80.0,76.7,0.532,3.4,80.0,80.0,160.0,56.7,56.5,80.0,76.7,D:\iPCF2_5GHz_CamAne_SN_BW40MHz\Prueba_Siemens2\Test 8,iPCF2_5GHz_CamAne_SN_BW40MHz,iPCF2_ON,C:\Users\rarriaga\Documents\ipcf_2 analisis\ALL_SN_RESULTS_FINAL\per_configuration\iPCF2_5GHz_CamAne_SN_BW40MHz
iPCF2,5GHz,CamAne,SN,40,8,iperf_tcp,2025-11-26 07:05:17.000,2025-11-26 07:08:17.000,180.0,56.7,113.4,achieved_tcp_sender_throughput,56.7,113.4,80.0,160.0,iperf3_udp_sender,OK_UDP_FFMPEG_MATCH,Reference load taken from rate-controlled UDP sender summary (80 Mbps/STA). ffmpeg target=80 Mbps/STA; difference=0.000% <= tolerance 2.000%. TCP is retained as achieved throughput and is not required to match the reference load.,0.0,56.7,56.5,70.875,70.625,80.0,76.7,0.532,3.4,80.0,80.0,160.0,56.7,56.5,80.0,76.7,D:\iPCF2_5GHz_CamAne_SN_BW40MHz\Prueba_Siemens2\Test 8,iPCF2_5GHz_CamAne_SN_BW40MHz,iPCF2_ON,C:\Users\rarriaga\Documents\ipcf_2 analisis\ALL_SN_RESULTS_FINAL\per_configuration\iPCF2_5GHz_CamAne_SN_BW40MHz
iPCF2,5GHz,CamAne,SN,40,8,iperf_udp,2025-11-26 07:08:17.000,2025-11-26 07:11:17.000,180.0,80.0,160.0,controlled_udp_offered_rate,80.0,160.0,80.0,160.0,iperf3_udp_sender,OK_UDP_FFMPEG_MATCH,Reference load taken from rate-controlled UDP sender summary (80 Mbps/STA). ffmpeg target=80 Mbps/STA; difference=0.000% <= tolerance 2.000%. TCP is retained as achieved throughput and is not required to match the reference load.,0.0,56.7,56.5,70.875,70.625,80.0,76.7,0.532,3.4,80.0,80.0,160.0,56.7,56.5,80.0,76.7,D:\iPCF2_5GHz_CamAne_SN_BW40MHz\Prueba_Siemens2\Test 8,iPCF2_5GHz_CamAne_SN_BW40MHz,iPCF2_ON,C:\Users\rarriaga\Documents\ipcf_2 analisis\ALL_SN_RESULTS_FINAL\per_configuration\iPCF2_5GHz_CamAne_SN_BW40MHz
iPCF2,5GHz,CamAne,SN,80,1,ffmpeg_udp,2025-11-26 07:50:23.000,2025-11-26 07:53:23.000,180.0,20.0,40.0,ffmpeg_sdp_target_rate,20.0,40.0,20.0,40.0,iperf3_udp_sender,OK_UDP_FFMPEG_MATCH,Reference load taken from rate-controlled UDP sender summary (20 Mbps/STA). ffmpeg target=20 Mbps/STA; difference=0.000% <= tolerance 2.000%. TCP is retained as achieved throughput and is not required to match the reference load.,0.0,20.0,20.0,100.0,100.0,20.0,20.0,0.21,0.0,20.0,20.0,40.0,20.0,20.0,20.0,20.0,D:\iPCF2_5GHz_CamAne_SN_BW80MHz\Prueba_Siemens2\Test 1,iPCF2_5GHz_CamAne_SN_BW80MHz,iPCF2_ON,C:\Users\rarriaga\Documents\ipcf_2 analisis\ALL_SN_RESULTS_FINAL\per_configuration\iPCF2_5GHz_CamAne_SN_BW80MHz
iPCF2,5GHz,CamAne,SN,80,1,idle,2025-11-26 07:41:23.000,2025-11-26 07:44:23.000,180.0,,,,,,20.0,40.0,iperf3_udp_sender,OK_UDP_FFMPEG_MATCH,Reference load taken from rate-controlled UDP sender summary (20 Mbps/STA). ffmpeg target=20 Mbps/STA; difference=0.000% <= tolerance 2.000%. TCP is retained as achieved throughput and is not required to match the reference load.,0.0,20.0,20.0,100.0,100.0,20.0,20.0,0.21,0.0,20.0,20.0,40.0,20.0,20.0,20.0,20.0,D:\iPCF2_5GHz_CamAne_SN_BW80MHz\Prueba_Siemens2\Test 1,iPCF2_5GHz_CamAne_SN_BW80MHz,iPCF2_ON,C:\Users\rarriaga\Documents\ipcf_2 analisis\ALL_SN_RESULTS_FINAL\per_configuration\iPCF2_5GHz_CamAne_SN_BW80MHz
iPCF2,5GHz,CamAne,SN,80,1,iperf_tcp,2025-11-26 07:44:23.000,2025-11-26 07:47:23.000,180.0,20.0,40.0,achieved_tcp_sender_throughput,20.0,40.0,20.0,40.0,iperf3_udp_sender,OK_UDP_FFMPEG_MATCH,Reference load taken from rate-controlled UDP sender summary (20 Mbps/STA). ffmpeg target=20 Mbps/STA; difference=0.000% <= tolerance 2.000%. TCP is retained as achieved throughput and is not required to match the reference load.,0.0,20.0,20.0,100.0,100.0,20.0,20.0,0.21,0.0,20.0,20.0,40.0,20.0,20.0,20.0,20.0,D:\iPCF2_5GHz_CamAne_SN_BW80MHz\Prueba_Siemens2\Test 1,iPCF2_5GHz_CamAne_SN_BW80MHz,iPCF2_ON,C:\Users\rarriaga\Documents\ipcf_2 analisis\ALL_SN_RESULTS_FINAL\per_configuration\iPCF2_5GHz_CamAne_SN_BW80MHz
iPCF2,5GHz,CamAne,SN,80,1,iperf_udp,2025-11-26 07:47:23.000,2025-11-26 07:50:23.000,180.0,20.0,40.0,controlled_udp_offered_rate,20.0,40.0,20.0,40.0,iperf3_udp_sender,OK_UDP_FFMPEG_MATCH,Reference load taken from rate-controlled UDP sender summary (20 Mbps/STA). ffmpeg target=20 Mbps/STA; difference=0.000% <= tolerance 2.000%. TCP is retained as achieved throughput and is not required to match the reference load.,0.0,20.0,20.0,100.0,100.0,20.0,20.0,0.21,0.0,20.0,20.0,40.0,20.0,20.0,20.0,20.0,D:\iPCF2_5GHz_CamAne_SN_BW80MHz\Prueba_Siemens2\Test 1,iPCF2_5GHz_CamAne_SN_BW80MHz,iPCF2_ON,C:\Users\rarriaga\Documents\ipcf_2 analisis\ALL_SN_RESULTS_FINAL\per_configuration\iPCF2_5GHz_CamAne_SN_BW80MHz
iPCF2,5GHz,CamAne,SN,80,2,ffmpeg_udp,2025-11-26 08:02:31.000,2025-11-26 08:05:31.000,180.0,40.0,80.0,ffmpeg_sdp_target_rate,40.0,80.0,40.0,80.0,iperf3_udp_sender,OK_UDP_FFMPEG_MATCH,Reference load taken from rate-controlled UDP sender summary (40 Mbps/STA). ffmpeg target=40 Mbps/STA; difference=0.000% <= tolerance 2.000%. TCP is retained as achieved throughput and is not required to match the reference load.,0.0,40.0,40.0,100.0,100.0,40.0,40.0,0.383,0.0,40.0,40.0,80.0,40.0,40.0,40.0,40.0,D:\iPCF2_5GHz_CamAne_SN_BW80MHz\Prueba_Siemens2\Test 2,iPCF2_5GHz_CamAne_SN_BW80MHz,iPCF2_ON,C:\Users\rarriaga\Documents\ipcf_2 analisis\ALL_SN_RESULTS_FINAL\per_configuration\iPCF2_5GHz_CamAne_SN_BW80MHz
iPCF2,5GHz,CamAne,SN,80,2,idle,2025-11-26 07:56:22.000,2025-11-26 07:56:31.000,9.0,,,,,,40.0,80.0,iperf3_udp_sender,OK_UDP_FFMPEG_MATCH,Reference load taken from rate-controlled UDP sender summary (40 Mbps/STA). ffmpeg target=40 Mbps/STA; difference=0.000% <= tolerance 2.000%. TCP is retained as achieved throughput and is not required to match the reference load.,0.0,40.0,40.0,100.0,100.0,40.0,40.0,0.383,0.0,40.0,40.0,80.0,40.0,40.0,40.0,40.0,D:\iPCF2_5GHz_CamAne_SN_BW80MHz\Prueba_Siemens2\Test 2,iPCF2_5GHz_CamAne_SN_BW80MHz,iPCF2_ON,C:\Users\rarriaga\Documents\ipcf_2 analisis\ALL_SN_RESULTS_FINAL\per_configuration\iPCF2_5GHz_CamAne_SN_BW80MHz
iPCF2,5GHz,CamAne,SN,80,2,iperf_tcp,2025-11-26 07:56:31.000,2025-11-26 07:59:31.000,180.0,40.0,80.0,achieved_tcp_sender_throughput,40.0,80.0,40.0,80.0,iperf3_udp_sender,OK_UDP_FFMPEG_MATCH,Reference load taken from rate-controlled UDP sender summary (40 Mbps/STA). ffmpeg target=40 Mbps/STA; difference=0.000% <= tolerance 2.000%. TCP is retained as achieved throughput and is not required to match the reference load.,0.0,40.0,40.0,100.0,100.0,40.0,40.0,0.383,0.0,40.0,40.0,80.0,40.0,40.0,40.0,40.0,D:\iPCF2_5GHz_CamAne_SN_BW80MHz\Prueba_Siemens2\Test 2,iPCF2_5GHz_CamAne_SN_BW80MHz,iPCF2_ON,C:\Users\rarriaga\Documents\ipcf_2 analisis\ALL_SN_RESULTS_FINAL\per_configuration\iPCF2_5GHz_CamAne_SN_BW80MHz
iPCF2,5GHz,CamAne,SN,80,2,iperf_udp,2025-11-26 07:59:31.000,2025-11-26 08:02:31.000,180.0,40.0,80.0,controlled_udp_offered_rate,40.0,80.0,40.0,80.0,iperf3_udp_sender,OK_UDP_FFMPEG_MATCH,Reference load taken from rate-controlled UDP sender summary (40 Mbps/STA). ffmpeg target=40 Mbps/STA; difference=0.000% <= tolerance 2.000%. TCP is retained as achieved throughput and is not required to match the reference load.,0.0,40.0,40.0,100.0,100.0,40.0,40.0,0.383,0.0,40.0,40.0,80.0,40.0,40.0,40.0,40.0,D:\iPCF2_5GHz_CamAne_SN_BW80MHz\Prueba_Siemens2\Test 2,iPCF2_5GHz_CamAne_SN_BW80MHz,iPCF2_ON,C:\Users\rarriaga\Documents\ipcf_2 analisis\ALL_SN_RESULTS_FINAL\per_configuration\iPCF2_5GHz_CamAne_SN_BW80MHz
iPCF2,5GHz,CamAne,SN,80,3,ffmpeg_udp,2025-11-26 10:03:00.000,2025-11-26 10:06:00.000,180.0,60.0,120.0,ffmpeg_sdp_target_rate,60.0,120.0,60.0,120.0,iperf3_udp_sender,OK_UDP_FFMPEG_MATCH,Reference load taken from rate-controlled UDP sender summary (60 Mbps/STA). ffmpeg target=60 Mbps/STA; difference=0.000% <= tolerance 2.000%. TCP is retained as achieved throughput and is not required to match the reference load.,0.0,60.0,60.0,100.0,100.0,60.0,60.0,0.265,0.0,60.0,60.0,120.0,60.0,60.0,60.0,60.0,D:\iPCF2_5GHz_CamAne_SN_BW80MHz\Prueba_Siemens2\Test 3,iPCF2_5GHz_CamAne_SN_BW80MHz,iPCF2_ON,C:\Users\rarriaga\Documents\ipcf_2 analisis\ALL_SN_RESULTS_FINAL\per_configuration\iPCF2_5GHz_CamAne_SN_BW80MHz
iPCF2,5GHz,CamAne,SN,80,3,idle,2025-11-26 09:56:50.000,2025-11-26 09:56:59.000,9.0,,,,,,60.0,120.0,iperf3_udp_sender,OK_UDP_FFMPEG_MATCH,Reference load taken from rate-controlled UDP sender summary (60 Mbps/STA). ffmpeg target=60 Mbps/STA; difference=0.000% <= tolerance 2.000%. TCP is retained as achieved throughput and is not required to match the reference load.,0.0,60.0,60.0,100.0,100.0,60.0,60.0,0.265,0.0,60.0,60.0,120.0,60.0,60.0,60.0,60.0,D:\iPCF2_5GHz_CamAne_SN_BW80MHz\Prueba_Siemens2\Test 3,iPCF2_5GHz_CamAne_SN_BW80MHz,iPCF2_ON,C:\Users\rarriaga\Documents\ipcf_2 analisis\ALL_SN_RESULTS_FINAL\per_configuration\iPCF2_5GHz_CamAne_SN_BW80MHz
iPCF2,5GHz,CamAne,SN,80,3,iperf_tcp,2025-11-26 09:56:59.000,2025-11-26 09:59:59.000,180.0,60.0,120.0,achieved_tcp_sender_throughput,60.0,120.0,60.0,120.0,iperf3_udp_sender,OK_UDP_FFMPEG_MATCH,Reference load taken from rate-controlled UDP sender summary (60 Mbps/STA). ffmpeg target=60 Mbps/STA; difference=0.000% <= tolerance 2.000%. TCP is retained as achieved throughput and is not required to match the reference load.,0.0,60.0,60.0,100.0,100.0,60.0,60.0,0.265,0.0,60.0,60.0,120.0,60.0,60.0,60.0,60.0,D:\iPCF2_5GHz_CamAne_SN_BW80MHz\Prueba_Siemens2\Test 3,iPCF2_5GHz_CamAne_SN_BW80MHz,iPCF2_ON,C:\Users\rarriaga\Documents\ipcf_2 analisis\ALL_SN_RESULTS_FINAL\per_configuration\iPCF2_5GHz_CamAne_SN_BW80MHz
iPCF2,5GHz,CamAne,SN,80,3,iperf_udp,2025-11-26 09:59:59.000,2025-11-26 10:02:59.000,180.0,60.0,120.0,controlled_udp_offered_rate,60.0,120.0,60.0,120.0,iperf3_udp_sender,OK_UDP_FFMPEG_MATCH,Reference load taken from rate-controlled UDP sender summary (60 Mbps/STA). ffmpeg target=60 Mbps/STA; difference=0.000% <= tolerance 2.000%. TCP is retained as achieved throughput and is not required to match the reference load.,0.0,60.0,60.0,100.0,100.0,60.0,60.0,0.265,0.0,60.0,60.0,120.0,60.0,60.0,60.0,60.0,D:\iPCF2_5GHz_CamAne_SN_BW80MHz\Prueba_Siemens2\Test 3,iPCF2_5GHz_CamAne_SN_BW80MHz,iPCF2_ON,C:\Users\rarriaga\Documents\ipcf_2 analisis\ALL_SN_RESULTS_FINAL\per_configuration\iPCF2_5GHz_CamAne_SN_BW80MHz
iPCF2,5GHz,CamAne,SN,80,4,ffmpeg_udp,2025-11-26 10:13:51.000,2025-11-26 10:16:51.000,180.0,80.0,160.0,ffmpeg_sdp_target_rate,80.0,160.0,80.0,160.0,iperf3_udp_sender,OK_UDP_FFMPEG_MATCH,Reference load taken from rate-controlled UDP sender summary (80 Mbps/STA). ffmpeg target=80 Mbps/STA; difference=0.000% <= tolerance 2.000%. TCP is retained as achieved throughput and is not required to match the reference load.,0.0,80.0,80.0,100.0,100.0,80.0,80.0,0.193,0.0,80.0,80.0,160.0,80.0,80.0,80.0,80.0,D:\iPCF2_5GHz_CamAne_SN_BW80MHz\Prueba_Siemens2\Test 4,iPCF2_5GHz_CamAne_SN_BW80MHz,iPCF2_ON,C:\Users\rarriaga\Documents\ipcf_2 analisis\ALL_SN_RESULTS_FINAL\per_configuration\iPCF2_5GHz_CamAne_SN_BW80MHz
iPCF2,5GHz,CamAne,SN,80,4,idle,2025-11-26 10:07:41.000,2025-11-26 10:07:50.000,9.0,,,,,,80.0,160.0,iperf3_udp_sender,OK_UDP_FFMPEG_MATCH,Reference load taken from rate-controlled UDP sender summary (80 Mbps/STA). ffmpeg target=80 Mbps/STA; difference=0.000% <= tolerance 2.000%. TCP is retained as achieved throughput and is not required to match the reference load.,0.0,80.0,80.0,100.0,100.0,80.0,80.0,0.193,0.0,80.0,80.0,160.0,80.0,80.0,80.0,80.0,D:\iPCF2_5GHz_CamAne_SN_BW80MHz\Prueba_Siemens2\Test 4,iPCF2_5GHz_CamAne_SN_BW80MHz,iPCF2_ON,C:\Users\rarriaga\Documents\ipcf_2 analisis\ALL_SN_RESULTS_FINAL\per_configuration\iPCF2_5GHz_CamAne_SN_BW80MHz
iPCF2,5GHz,CamAne,SN,80,4,iperf_tcp,2025-11-26 10:07:50.000,2025-11-26 10:10:50.000,180.0,80.0,160.0,achieved_tcp_sender_throughput,80.0,160.0,80.0,160.0,iperf3_udp_sender,OK_UDP_FFMPEG_MATCH,Reference load taken from rate-controlled UDP sender summary (80 Mbps/STA). ffmpeg target=80 Mbps/STA; difference=0.000% <= tolerance 2.000%. TCP is retained as achieved throughput and is not required to match the reference load.,0.0,80.0,80.0,100.0,100.0,80.0,80.0,0.193,0.0,80.0,80.0,160.0,80.0,80.0,80.0,80.0,D:\iPCF2_5GHz_CamAne_SN_BW80MHz\Prueba_Siemens2\Test 4,iPCF2_5GHz_CamAne_SN_BW80MHz,iPCF2_ON,C:\Users\rarriaga\Documents\ipcf_2 analisis\ALL_SN_RESULTS_FINAL\per_configuration\iPCF2_5GHz_CamAne_SN_BW80MHz
iPCF2,5GHz,CamAne,SN,80,4,iperf_udp,2025-11-26 10:10:50.000,2025-11-26 10:13:50.000,180.0,80.0,160.0,controlled_udp_offered_rate,80.0,160.0,80.0,160.0,iperf3_udp_sender,OK_UDP_FFMPEG_MATCH,Reference load taken from rate-controlled UDP sender summary (80 Mbps/STA). ffmpeg target=80 Mbps/STA; difference=0.000% <= tolerance 2.000%. TCP is retained as achieved throughput and is not required to match the reference load.,0.0,80.0,80.0,100.0,100.0,80.0,80.0,0.193,0.0,80.0,80.0,160.0,80.0,80.0,80.0,80.0,D:\iPCF2_5GHz_CamAne_SN_BW80MHz\Prueba_Siemens2\Test 4,iPCF2_5GHz_CamAne_SN_BW80MHz,iPCF2_ON,C:\Users\rarriaga\Documents\ipcf_2 analisis\ALL_SN_RESULTS_FINAL\per_configuration\iPCF2_5GHz_CamAne_SN_BW80MHz
iPCF2,5GHz,CamAne,SN,80,5,ffmpeg_udp,2025-11-26 10:24:52.000,2025-11-26 10:27:52.000,180.0,100.0,200.0,ffmpeg_sdp_target_rate,100.0,200.0,100.0,200.0,iperf3_udp_sender,OK_UDP_FFMPEG_MATCH,Reference load taken from rate-controlled UDP sender summary (100 Mbps/STA). ffmpeg target=100 Mbps/STA; difference=0.000% <= tolerance 2.000%. TCP is retained as achieved throughput and is not required to match the reference load.,0.0,100.0,100.0,100.0,100.0,100.0,100.0,0.159,0.0,100.0,100.0,200.0,100.0,100.0,100.0,100.0,D:\iPCF2_5GHz_CamAne_SN_BW80MHz\Prueba_Siemens2\Test 5,iPCF2_5GHz_CamAne_SN_BW80MHz,iPCF2_ON,C:\Users\rarriaga\Documents\ipcf_2 analisis\ALL_SN_RESULTS_FINAL\per_configuration\iPCF2_5GHz_CamAne_SN_BW80MHz
iPCF2,5GHz,CamAne,SN,80,5,idle,2025-11-26 10:18:43.000,2025-11-26 10:18:52.000,9.0,,,,,,100.0,200.0,iperf3_udp_sender,OK_UDP_FFMPEG_MATCH,Reference load taken from rate-controlled UDP sender summary (100 Mbps/STA). ffmpeg target=100 Mbps/STA; difference=0.000% <= tolerance 2.000%. TCP is retained as achieved throughput and is not required to match the reference load.,0.0,100.0,100.0,100.0,100.0,100.0,100.0,0.159,0.0,100.0,100.0,200.0,100.0,100.0,100.0,100.0,D:\iPCF2_5GHz_CamAne_SN_BW80MHz\Prueba_Siemens2\Test 5,iPCF2_5GHz_CamAne_SN_BW80MHz,iPCF2_ON,C:\Users\rarriaga\Documents\ipcf_2 analisis\ALL_SN_RESULTS_FINAL\per_configuration\iPCF2_5GHz_CamAne_SN_BW80MHz
iPCF2,5GHz,CamAne,SN,80,5,iperf_tcp,2025-11-26 10:18:52.000,2025-11-26 10:21:52.000,180.0,100.0,200.0,achieved_tcp_sender_throughput,100.0,200.0,100.0,200.0,iperf3_udp_sender,OK_UDP_FFMPEG_MATCH,Reference load taken from rate-controlled UDP sender summary (100 Mbps/STA). ffmpeg target=100 Mbps/STA; difference=0.000% <= tolerance 2.000%. TCP is retained as achieved throughput and is not required to match the reference load.,0.0,100.0,100.0,100.0,100.0,100.0,100.0,0.159,0.0,100.0,100.0,200.0,100.0,100.0,100.0,100.0,D:\iPCF2_5GHz_CamAne_SN_BW80MHz\Prueba_Siemens2\Test 5,iPCF2_5GHz_CamAne_SN_BW80MHz,iPCF2_ON,C:\Users\rarriaga\Documents\ipcf_2 analisis\ALL_SN_RESULTS_FINAL\per_configuration\iPCF2_5GHz_CamAne_SN_BW80MHz
iPCF2,5GHz,CamAne,SN,80,5,iperf_udp,2025-11-26 10:21:52.000,2025-11-26 10:24:52.000,180.0,100.0,200.0,controlled_udp_offered_rate,100.0,200.0,100.0,200.0,iperf3_udp_sender,OK_UDP_FFMPEG_MATCH,Reference load taken from rate-controlled UDP sender summary (100 Mbps/STA). ffmpeg target=100 Mbps/STA; difference=0.000% <= tolerance 2.000%. TCP is retained as achieved throughput and is not required to match the reference load.,0.0,100.0,100.0,100.0,100.0,100.0,100.0,0.159,0.0,100.0,100.0,200.0,100.0,100.0,100.0,100.0,D:\iPCF2_5GHz_CamAne_SN_BW80MHz\Prueba_Siemens2\Test 5,iPCF2_5GHz_CamAne_SN_BW80MHz,iPCF2_ON,C:\Users\rarriaga\Documents\ipcf_2 analisis\ALL_SN_RESULTS_FINAL\per_configuration\iPCF2_5GHz_CamAne_SN_BW80MHz
iPCF2,5GHz,CamAne,SN,80,6,ffmpeg_udp,2025-11-26 10:54:46.000,2025-11-26 10:57:46.000,180.0,120.0,240.0,ffmpeg_sdp_target_rate,120.0,240.0,120.0,240.0,iperf3_udp_sender,OK_UDP_FFMPEG_MATCH,Reference load taken from rate-controlled UDP sender summary (120 Mbps/STA). ffmpeg target=120 Mbps/STA; difference=0.000% <= tolerance 2.000%. TCP is retained as achieved throughput and is not required to match the reference load.,0.0,120.0,120.0,100.0,100.0,120.0,120.0,0.123,0.0,120.0,120.0,240.0,120.0,120.0,120.0,120.0,D:\iPCF2_5GHz_CamAne_SN_BW80MHz\Prueba_Siemens2\Test 6,iPCF2_5GHz_CamAne_SN_BW80MHz,iPCF2_ON,C:\Users\rarriaga\Documents\ipcf_2 analisis\ALL_SN_RESULTS_FINAL\per_configuration\iPCF2_5GHz_CamAne_SN_BW80MHz
iPCF2,5GHz,CamAne,SN,80,6,idle,2025-11-26 10:48:37.000,2025-11-26 10:48:46.000,9.0,,,,,,120.0,240.0,iperf3_udp_sender,OK_UDP_FFMPEG_MATCH,Reference load taken from rate-controlled UDP sender summary (120 Mbps/STA). ffmpeg target=120 Mbps/STA; difference=0.000% <= tolerance 2.000%. TCP is retained as achieved throughput and is not required to match the reference load.,0.0,120.0,120.0,100.0,100.0,120.0,120.0,0.123,0.0,120.0,120.0,240.0,120.0,120.0,120.0,120.0,D:\iPCF2_5GHz_CamAne_SN_BW80MHz\Prueba_Siemens2\Test 6,iPCF2_5GHz_CamAne_SN_BW80MHz,iPCF2_ON,C:\Users\rarriaga\Documents\ipcf_2 analisis\ALL_SN_RESULTS_FINAL\per_configuration\iPCF2_5GHz_CamAne_SN_BW80MHz
iPCF2,5GHz,CamAne,SN,80,6,iperf_tcp,2025-11-26 10:48:46.000,2025-11-26 10:51:46.000,180.0,120.0,240.0,achieved_tcp_sender_throughput,120.0,240.0,120.0,240.0,iperf3_udp_sender,OK_UDP_FFMPEG_MATCH,Reference load taken from rate-controlled UDP sender summary (120 Mbps/STA). ffmpeg target=120 Mbps/STA; difference=0.000% <= tolerance 2.000%. TCP is retained as achieved throughput and is not required to match the reference load.,0.0,120.0,120.0,100.0,100.0,120.0,120.0,0.123,0.0,120.0,120.0,240.0,120.0,120.0,120.0,120.0,D:\iPCF2_5GHz_CamAne_SN_BW80MHz\Prueba_Siemens2\Test 6,iPCF2_5GHz_CamAne_SN_BW80MHz,iPCF2_ON,C:\Users\rarriaga\Documents\ipcf_2 analisis\ALL_SN_RESULTS_FINAL\per_configuration\iPCF2_5GHz_CamAne_SN_BW80MHz
iPCF2,5GHz,CamAne,SN,80,6,iperf_udp,2025-11-26 10:51:46.000,2025-11-26 10:54:46.000,180.0,120.0,240.0,controlled_udp_offered_rate,120.0,240.0,120.0,240.0,iperf3_udp_sender,OK_UDP_FFMPEG_MATCH,Reference load taken from rate-controlled UDP sender summary (120 Mbps/STA). ffmpeg target=120 Mbps/STA; difference=0.000% <= tolerance 2.000%. TCP is retained as achieved throughput and is not required to match the reference load.,0.0,120.0,120.0,100.0,100.0,120.0,120.0,0.123,0.0,120.0,120.0,240.0,120.0,120.0,120.0,120.0,D:\iPCF2_5GHz_CamAne_SN_BW80MHz\Prueba_Siemens2\Test 6,iPCF2_5GHz_CamAne_SN_BW80MHz,iPCF2_ON,C:\Users\rarriaga\Documents\ipcf_2 analisis\ALL_SN_RESULTS_FINAL\per_configuration\iPCF2_5GHz_CamAne_SN_BW80MHz
iPCF2,5GHz,CamAne,SN,80,7,ffmpeg_udp,2025-11-26 13:00:31.000,2025-11-26 13:03:31.000,180.0,140.0,280.0,ffmpeg_sdp_target_rate,140.0,280.0,140.0,280.0,iperf3_udp_sender,OK_UDP_FFMPEG_MATCH,Reference load taken from rate-controlled UDP sender summary (140 Mbps/STA). ffmpeg target=140 Mbps/STA; difference=0.000% <= tolerance 2.000%. TCP is retained as achieved throughput and is not required to match the reference load.,0.0,122.0,122.0,87.14285714285714,87.14285714285714,140.0,140.0,0.099,0.026,140.0,140.0,280.0,122.0,122.0,140.0,140.0,D:\iPCF2_5GHz_CamAne_SN_BW80MHz\Prueba_Siemens2\Test 7,iPCF2_5GHz_CamAne_SN_BW80MHz,iPCF2_ON,C:\Users\rarriaga\Documents\ipcf_2 analisis\ALL_SN_RESULTS_FINAL\per_configuration\iPCF2_5GHz_CamAne_SN_BW80MHz
iPCF2,5GHz,CamAne,SN,80,7,idle,2025-11-26 12:54:22.000,2025-11-26 12:54:31.000,9.0,,,,,,140.0,280.0,iperf3_udp_sender,OK_UDP_FFMPEG_MATCH,Reference load taken from rate-controlled UDP sender summary (140 Mbps/STA). ffmpeg target=140 Mbps/STA; difference=0.000% <= tolerance 2.000%. TCP is retained as achieved throughput and is not required to match the reference load.,0.0,122.0,122.0,87.14285714285714,87.14285714285714,140.0,140.0,0.099,0.026,140.0,140.0,280.0,122.0,122.0,140.0,140.0,D:\iPCF2_5GHz_CamAne_SN_BW80MHz\Prueba_Siemens2\Test 7,iPCF2_5GHz_CamAne_SN_BW80MHz,iPCF2_ON,C:\Users\rarriaga\Documents\ipcf_2 analisis\ALL_SN_RESULTS_FINAL\per_configuration\iPCF2_5GHz_CamAne_SN_BW80MHz
iPCF2,5GHz,CamAne,SN,80,7,iperf_tcp,2025-11-26 12:54:31.000,2025-11-26 12:57:31.000,180.0,122.0,244.0,achieved_tcp_sender_throughput,122.0,244.0,140.0,280.0,iperf3_udp_sender,OK_UDP_FFMPEG_MATCH,Reference load taken from rate-controlled UDP sender summary (140 Mbps/STA). ffmpeg target=140 Mbps/STA; difference=0.000% <= tolerance 2.000%. TCP is retained as achieved throughput and is not required to match the reference load.,0.0,122.0,122.0,87.14285714285714,87.14285714285714,140.0,140.0,0.099,0.026,140.0,140.0,280.0,122.0,122.0,140.0,140.0,D:\iPCF2_5GHz_CamAne_SN_BW80MHz\Prueba_Siemens2\Test 7,iPCF2_5GHz_CamAne_SN_BW80MHz,iPCF2_ON,C:\Users\rarriaga\Documents\ipcf_2 analisis\ALL_SN_RESULTS_FINAL\per_configuration\iPCF2_5GHz_CamAne_SN_BW80MHz
iPCF2,5GHz,CamAne,SN,80,7,iperf_udp,2025-11-26 12:57:31.000,2025-11-26 13:00:31.000,180.0,140.0,280.0,controlled_udp_offered_rate,140.0,280.0,140.0,280.0,iperf3_udp_sender,OK_UDP_FFMPEG_MATCH,Reference load taken from rate-controlled UDP sender summary (140 Mbps/STA). ffmpeg target=140 Mbps/STA; difference=0.000% <= tolerance 2.000%. TCP is retained as achieved throughput and is not required to match the reference load.,0.0,122.0,122.0,87.14285714285714,87.14285714285714,140.0,140.0,0.099,0.026,140.0,140.0,280.0,122.0,122.0,140.0,140.0,D:\iPCF2_5GHz_CamAne_SN_BW80MHz\Prueba_Siemens2\Test 7,iPCF2_5GHz_CamAne_SN_BW80MHz,iPCF2_ON,C:\Users\rarriaga\Documents\ipcf_2 analisis\ALL_SN_RESULTS_FINAL\per_configuration\iPCF2_5GHz_CamAne_SN_BW80MHz
iPCF2,5GHz,CamAne,SN,80,8,ffmpeg_udp,2025-11-26 13:35:34.000,2025-11-26 13:38:34.000,180.0,160.0,320.0,ffmpeg_sdp_target_rate,160.0,320.0,160.0,320.0,iperf3_udp_sender,OK_UDP_FFMPEG_MATCH,Reference load taken from rate-controlled UDP sender summary (160 Mbps/STA). ffmpeg target=160 Mbps/STA; difference=0.000% <= tolerance 2.000%. TCP is retained as achieved throughput and is not required to match the reference load.,0.0,125.0,125.0,78.125,78.125,160.0,143.0,0.103,10.0,160.0,160.0,320.0,125.0,125.0,160.0,143.0,D:\iPCF2_5GHz_CamAne_SN_BW80MHz\Prueba_Siemens2\Test 8,iPCF2_5GHz_CamAne_SN_BW80MHz,iPCF2_ON,C:\Users\rarriaga\Documents\ipcf_2 analisis\ALL_SN_RESULTS_FINAL\per_configuration\iPCF2_5GHz_CamAne_SN_BW80MHz
iPCF2,5GHz,CamAne,SN,80,8,idle,2025-11-26 13:29:24.000,2025-11-26 13:29:33.000,9.0,,,,,,160.0,320.0,iperf3_udp_sender,OK_UDP_FFMPEG_MATCH,Reference load taken from rate-controlled UDP sender summary (160 Mbps/STA). ffmpeg target=160 Mbps/STA; difference=0.000% <= tolerance 2.000%. TCP is retained as achieved throughput and is not required to match the reference load.,0.0,125.0,125.0,78.125,78.125,160.0,143.0,0.103,10.0,160.0,160.0,320.0,125.0,125.0,160.0,143.0,D:\iPCF2_5GHz_CamAne_SN_BW80MHz\Prueba_Siemens2\Test 8,iPCF2_5GHz_CamAne_SN_BW80MHz,iPCF2_ON,C:\Users\rarriaga\Documents\ipcf_2 analisis\ALL_SN_RESULTS_FINAL\per_configuration\iPCF2_5GHz_CamAne_SN_BW80MHz
iPCF2,5GHz,CamAne,SN,80,8,iperf_tcp,2025-11-26 13:29:33.000,2025-11-26 13:32:33.000,180.0,125.0,250.0,achieved_tcp_sender_throughput,125.0,250.0,160.0,320.0,iperf3_udp_sender,OK_UDP_FFMPEG_MATCH,Reference load taken from rate-controlled UDP sender summary (160 Mbps/STA). ffmpeg target=160 Mbps/STA; difference=0.000% <= tolerance 2.000%. TCP is retained as achieved throughput and is not required to match the reference load.,0.0,125.0,125.0,78.125,78.125,160.0,143.0,0.103,10.0,160.0,160.0,320.0,125.0,125.0,160.0,143.0,D:\iPCF2_5GHz_CamAne_SN_BW80MHz\Prueba_Siemens2\Test 8,iPCF2_5GHz_CamAne_SN_BW80MHz,iPCF2_ON,C:\Users\rarriaga\Documents\ipcf_2 analisis\ALL_SN_RESULTS_FINAL\per_configuration\iPCF2_5GHz_CamAne_SN_BW80MHz
iPCF2,5GHz,CamAne,SN,80,8,iperf_udp,2025-11-26 13:32:33.000,2025-11-26 13:35:33.000,180.0,160.0,320.0,controlled_udp_offered_rate,160.0,320.0,160.0,320.0,iperf3_udp_sender,OK_UDP_FFMPEG_MATCH,Reference load taken from rate-controlled UDP sender summary (160 Mbps/STA). ffmpeg target=160 Mbps/STA; difference=0.000% <= tolerance 2.000%. TCP is retained as achieved throughput and is not required to match the reference load.,0.0,125.0,125.0,78.125,78.125,160.0,143.0,0.103,10.0,160.0,160.0,320.0,125.0,125.0,160.0,143.0,D:\iPCF2_5GHz_CamAne_SN_BW80MHz\Prueba_Siemens2\Test 8,iPCF2_5GHz_CamAne_SN_BW80MHz,iPCF2_ON,C:\Users\rarriaga\Documents\ipcf_2 analisis\ALL_SN_RESULTS_FINAL\per_configuration\iPCF2_5GHz_CamAne_SN_BW80MHz
iPCF2,5GHz,Lab,SN,20,1,ffmpeg_udp,2025-11-25 10:18:05.000,2025-11-25 10:21:05.000,180.0,20.0,40.0,ffmpeg_sdp_target_rate,20.0,40.0,20.0,40.0,iperf3_udp_sender,OK_UDP_FFMPEG_MATCH,Reference load taken from rate-controlled UDP sender summary (20 Mbps/STA). ffmpeg target=20 Mbps/STA; difference=0.000% <= tolerance 2.000%. TCP is retained as achieved throughput and is not required to match the reference load.,0.0,20.0,20.0,100.0,100.0,20.0,20.0,0.272,0.0,20.0,20.0,40.0,20.0,20.0,20.0,20.0,D:\iPCF2_5GHz_Lab_SN_BW20MHz\Prueba_Siemens2\Test 1,iPCF2_5GHz_Lab_SN_BW20MHz,iPCF2_ON,C:\Users\rarriaga\Documents\ipcf_2 analisis\ALL_SN_RESULTS_FINAL\per_configuration\iPCF2_5GHz_Lab_SN_BW20MHz
iPCF2,5GHz,Lab,SN,20,1,idle,2025-11-25 10:09:06.000,2025-11-25 10:12:05.000,179.0,,,,,,20.0,40.0,iperf3_udp_sender,OK_UDP_FFMPEG_MATCH,Reference load taken from rate-controlled UDP sender summary (20 Mbps/STA). ffmpeg target=20 Mbps/STA; difference=0.000% <= tolerance 2.000%. TCP is retained as achieved throughput and is not required to match the reference load.,0.0,20.0,20.0,100.0,100.0,20.0,20.0,0.272,0.0,20.0,20.0,40.0,20.0,20.0,20.0,20.0,D:\iPCF2_5GHz_Lab_SN_BW20MHz\Prueba_Siemens2\Test 1,iPCF2_5GHz_Lab_SN_BW20MHz,iPCF2_ON,C:\Users\rarriaga\Documents\ipcf_2 analisis\ALL_SN_RESULTS_FINAL\per_configuration\iPCF2_5GHz_Lab_SN_BW20MHz
iPCF2,5GHz,Lab,SN,20,1,iperf_tcp,2025-11-25 10:12:05.000,2025-11-25 10:15:05.000,180.0,20.0,40.0,achieved_tcp_sender_throughput,20.0,40.0,20.0,40.0,iperf3_udp_sender,OK_UDP_FFMPEG_MATCH,Reference load taken from rate-controlled UDP sender summary (20 Mbps/STA). ffmpeg target=20 Mbps/STA; difference=0.000% <= tolerance 2.000%. TCP is retained as achieved throughput and is not required to match the reference load.,0.0,20.0,20.0,100.0,100.0,20.0,20.0,0.272,0.0,20.0,20.0,40.0,20.0,20.0,20.0,20.0,D:\iPCF2_5GHz_Lab_SN_BW20MHz\Prueba_Siemens2\Test 1,iPCF2_5GHz_Lab_SN_BW20MHz,iPCF2_ON,C:\Users\rarriaga\Documents\ipcf_2 analisis\ALL_SN_RESULTS_FINAL\per_configuration\iPCF2_5GHz_Lab_SN_BW20MHz
iPCF2,5GHz,Lab,SN,20,1,iperf_udp,2025-11-25 10:15:05.000,2025-11-25 10:18:05.000,180.0,20.0,40.0,controlled_udp_offered_rate,20.0,40.0,20.0,40.0,iperf3_udp_sender,OK_UDP_FFMPEG_MATCH,Reference load taken from rate-controlled UDP sender summary (20 Mbps/STA). ffmpeg target=20 Mbps/STA; difference=0.000% <= tolerance 2.000%. TCP is retained as achieved throughput and is not required to match the reference load.,0.0,20.0,20.0,100.0,100.0,20.0,20.0,0.272,0.0,20.0,20.0,40.0,20.0,20.0,20.0,20.0,D:\iPCF2_5GHz_Lab_SN_BW20MHz\Prueba_Siemens2\Test 1,iPCF2_5GHz_Lab_SN_BW20MHz,iPCF2_ON,C:\Users\rarriaga\Documents\ipcf_2 analisis\ALL_SN_RESULTS_FINAL\per_configuration\iPCF2_5GHz_Lab_SN_BW20MHz
iPCF2,5GHz,Lab,SN,20,2,ffmpeg_udp,2025-11-25 10:29:34.000,2025-11-25 10:32:34.000,180.0,40.0,80.0,ffmpeg_sdp_target_rate,40.0,80.0,40.0,80.0,iperf3_udp_sender,OK_UDP_FFMPEG_MATCH,Reference load taken from rate-controlled UDP sender summary (40 Mbps/STA). ffmpeg target=40 Mbps/STA; difference=0.000% <= tolerance 2.000%. TCP is retained as achieved throughput and is not required to match the reference load.,0.0,28.5,28.4,71.25,71.0,40.0,39.0,0.353,2.3,40.0,40.0,80.0,28.5,28.4,40.0,39.0,D:\iPCF2_5GHz_Lab_SN_BW20MHz\Prueba_Siemens2\Test 2,iPCF2_5GHz_Lab_SN_BW20MHz,iPCF2_ON,C:\Users\rarriaga\Documents\ipcf_2 analisis\ALL_SN_RESULTS_FINAL\per_configuration\iPCF2_5GHz_Lab_SN_BW20MHz
iPCF2,5GHz,Lab,SN,20,2,idle,2025-11-25 10:23:24.000,2025-11-25 10:23:33.000,9.0,,,,,,40.0,80.0,iperf3_udp_sender,OK_UDP_FFMPEG_MATCH,Reference load taken from rate-controlled UDP sender summary (40 Mbps/STA). ffmpeg target=40 Mbps/STA; difference=0.000% <= tolerance 2.000%. TCP is retained as achieved throughput and is not required to match the reference load.,0.0,28.5,28.4,71.25,71.0,40.0,39.0,0.353,2.3,40.0,40.0,80.0,28.5,28.4,40.0,39.0,D:\iPCF2_5GHz_Lab_SN_BW20MHz\Prueba_Siemens2\Test 2,iPCF2_5GHz_Lab_SN_BW20MHz,iPCF2_ON,C:\Users\rarriaga\Documents\ipcf_2 analisis\ALL_SN_RESULTS_FINAL\per_configuration\iPCF2_5GHz_Lab_SN_BW20MHz
iPCF2,5GHz,Lab,SN,20,2,iperf_tcp,2025-11-25 10:23:33.000,2025-11-25 10:26:33.000,180.0,28.5,57.0,achieved_tcp_sender_throughput,28.5,57.0,40.0,80.0,iperf3_udp_sender,OK_UDP_FFMPEG_MATCH,Reference load taken from rate-controlled UDP sender summary (40 Mbps/STA). ffmpeg target=40 Mbps/STA; difference=0.000% <= tolerance 2.000%. TCP is retained as achieved throughput and is not required to match the reference load.,0.0,28.5,28.4,71.25,71.0,40.0,39.0,0.353,2.3,40.0,40.0,80.0,28.5,28.4,40.0,39.0,D:\iPCF2_5GHz_Lab_SN_BW20MHz\Prueba_Siemens2\Test 2,iPCF2_5GHz_Lab_SN_BW20MHz,iPCF2_ON,C:\Users\rarriaga\Documents\ipcf_2 analisis\ALL_SN_RESULTS_FINAL\per_configuration\iPCF2_5GHz_Lab_SN_BW20MHz
iPCF2,5GHz,Lab,SN,20,2,iperf_udp,2025-11-25 10:26:33.000,2025-11-25 10:29:33.000,180.0,40.0,80.0,controlled_udp_offered_rate,40.0,80.0,40.0,80.0,iperf3_udp_sender,OK_UDP_FFMPEG_MATCH,Reference load taken from rate-controlled UDP sender summary (40 Mbps/STA). ffmpeg target=40 Mbps/STA; difference=0.000% <= tolerance 2.000%. TCP is retained as achieved throughput and is not required to match the reference load.,0.0,28.5,28.4,71.25,71.0,40.0,39.0,0.353,2.3,40.0,40.0,80.0,28.5,28.4,40.0,39.0,D:\iPCF2_5GHz_Lab_SN_BW20MHz\Prueba_Siemens2\Test 2,iPCF2_5GHz_Lab_SN_BW20MHz,iPCF2_ON,C:\Users\rarriaga\Documents\ipcf_2 analisis\ALL_SN_RESULTS_FINAL\per_configuration\iPCF2_5GHz_Lab_SN_BW20MHz
iPCF2,5GHz,Lab,SN,20,3,ffmpeg_udp,2025-11-25 10:40:23.000,2025-11-25 10:43:23.000,180.0,50.0,100.0,ffmpeg_sdp_target_rate,50.0,100.0,50.0,100.0,iperf3_udp_sender,OK_UDP_FFMPEG_MATCH,Reference load taken from rate-controlled UDP sender summary (50 Mbps/STA). ffmpeg target=50 Mbps/STA; difference=0.000% <= tolerance 2.000%. TCP is retained as achieved throughput and is not required to match the reference load.,0.0,28.5,28.3,57.0,56.6,50.0,37.1,0.489,26.0,50.0,50.0,100.0,28.5,28.3,50.0,37.1,D:\iPCF2_5GHz_Lab_SN_BW20MHz\Prueba_Siemens2\Test 3,iPCF2_5GHz_Lab_SN_BW20MHz,iPCF2_ON,C:\Users\rarriaga\Documents\ipcf_2 analisis\ALL_SN_RESULTS_FINAL\per_configuration\iPCF2_5GHz_Lab_SN_BW20MHz
iPCF2,5GHz,Lab,SN,20,3,idle,2025-11-25 10:34:13.000,2025-11-25 10:34:22.000,9.0,,,,,,50.0,100.0,iperf3_udp_sender,OK_UDP_FFMPEG_MATCH,Reference load taken from rate-controlled UDP sender summary (50 Mbps/STA). ffmpeg target=50 Mbps/STA; difference=0.000% <= tolerance 2.000%. TCP is retained as achieved throughput and is not required to match the reference load.,0.0,28.5,28.3,57.0,56.6,50.0,37.1,0.489,26.0,50.0,50.0,100.0,28.5,28.3,50.0,37.1,D:\iPCF2_5GHz_Lab_SN_BW20MHz\Prueba_Siemens2\Test 3,iPCF2_5GHz_Lab_SN_BW20MHz,iPCF2_ON,C:\Users\rarriaga\Documents\ipcf_2 analisis\ALL_SN_RESULTS_FINAL\per_configuration\iPCF2_5GHz_Lab_SN_BW20MHz
iPCF2,5GHz,Lab,SN,20,3,iperf_tcp,2025-11-25 10:34:22.000,2025-11-25 10:37:22.000,180.0,28.5,57.0,achieved_tcp_sender_throughput,28.5,57.0,50.0,100.0,iperf3_udp_sender,OK_UDP_FFMPEG_MATCH,Reference load taken from rate-controlled UDP sender summary (50 Mbps/STA). ffmpeg target=50 Mbps/STA; difference=0.000% <= tolerance 2.000%. TCP is retained as achieved throughput and is not required to match the reference load.,0.0,28.5,28.3,57.0,56.6,50.0,37.1,0.489,26.0,50.0,50.0,100.0,28.5,28.3,50.0,37.1,D:\iPCF2_5GHz_Lab_SN_BW20MHz\Prueba_Siemens2\Test 3,iPCF2_5GHz_Lab_SN_BW20MHz,iPCF2_ON,C:\Users\rarriaga\Documents\ipcf_2 analisis\ALL_SN_RESULTS_FINAL\per_configuration\iPCF2_5GHz_Lab_SN_BW20MHz
iPCF2,5GHz,Lab,SN,20,3,iperf_udp,2025-11-25 10:37:22.000,2025-11-25 10:40:22.000,180.0,50.0,100.0,controlled_udp_offered_rate,50.0,100.0,50.0,100.0,iperf3_udp_sender,OK_UDP_FFMPEG_MATCH,Reference load taken from rate-controlled UDP sender summary (50 Mbps/STA). ffmpeg target=50 Mbps/STA; difference=0.000% <= tolerance 2.000%. TCP is retained as achieved throughput and is not required to match the reference load.,0.0,28.5,28.3,57.0,56.6,50.0,37.1,0.489,26.0,50.0,50.0,100.0,28.5,28.3,50.0,37.1,D:\iPCF2_5GHz_Lab_SN_BW20MHz\Prueba_Siemens2\Test 3,iPCF2_5GHz_Lab_SN_BW20MHz,iPCF2_ON,C:\Users\rarriaga\Documents\ipcf_2 analisis\ALL_SN_RESULTS_FINAL\per_configuration\iPCF2_5GHz_Lab_SN_BW20MHz
iPCF2,5GHz,Lab,SN,40,1,ffmpeg_udp,2025-11-25 14:31:40.000,2025-11-25 14:34:40.000,180.0,20.0,40.0,ffmpeg_sdp_target_rate,20.0,40.0,20.0,40.0,iperf3_udp_sender,OK_UDP_FFMPEG_MATCH,Reference load taken from rate-controlled UDP sender summary (20 Mbps/STA). ffmpeg target=20 Mbps/STA; difference=0.000% <= tolerance 2.000%. TCP is retained as achieved throughput and is not required to match the reference load.,0.0,20.0,20.0,100.0,100.0,20.0,20.0,0.279,0.0,20.0,20.0,40.0,20.0,20.0,20.0,20.0,D:\iPCF2_5GHz_Lab_SN_BW40MHz\Prueba_Siemens2\Test 1,iPCF2_5GHz_Lab_SN_BW40MHz,iPCF2_ON,C:\Users\rarriaga\Documents\ipcf_2 analisis\ALL_SN_RESULTS_FINAL\per_configuration\iPCF2_5GHz_Lab_SN_BW40MHz
iPCF2,5GHz,Lab,SN,40,1,idle,2025-11-25 14:22:39.000,2025-11-25 14:25:39.000,180.0,,,,,,20.0,40.0,iperf3_udp_sender,OK_UDP_FFMPEG_MATCH,Reference load taken from rate-controlled UDP sender summary (20 Mbps/STA). ffmpeg target=20 Mbps/STA; difference=0.000% <= tolerance 2.000%. TCP is retained as achieved throughput and is not required to match the reference load.,0.0,20.0,20.0,100.0,100.0,20.0,20.0,0.279,0.0,20.0,20.0,40.0,20.0,20.0,20.0,20.0,D:\iPCF2_5GHz_Lab_SN_BW40MHz\Prueba_Siemens2\Test 1,iPCF2_5GHz_Lab_SN_BW40MHz,iPCF2_ON,C:\Users\rarriaga\Documents\ipcf_2 analisis\ALL_SN_RESULTS_FINAL\per_configuration\iPCF2_5GHz_Lab_SN_BW40MHz
iPCF2,5GHz,Lab,SN,40,1,iperf_tcp,2025-11-25 14:25:40.000,2025-11-25 14:28:40.000,180.0,20.0,40.0,achieved_tcp_sender_throughput,20.0,40.0,20.0,40.0,iperf3_udp_sender,OK_UDP_FFMPEG_MATCH,Reference load taken from rate-controlled UDP sender summary (20 Mbps/STA). ffmpeg target=20 Mbps/STA; difference=0.000% <= tolerance 2.000%. TCP is retained as achieved throughput and is not required to match the reference load.,0.0,20.0,20.0,100.0,100.0,20.0,20.0,0.279,0.0,20.0,20.0,40.0,20.0,20.0,20.0,20.0,D:\iPCF2_5GHz_Lab_SN_BW40MHz\Prueba_Siemens2\Test 1,iPCF2_5GHz_Lab_SN_BW40MHz,iPCF2_ON,C:\Users\rarriaga\Documents\ipcf_2 analisis\ALL_SN_RESULTS_FINAL\per_configuration\iPCF2_5GHz_Lab_SN_BW40MHz
iPCF2,5GHz,Lab,SN,40,1,iperf_udp,2025-11-25 14:28:40.000,2025-11-25 14:31:40.000,180.0,20.0,40.0,controlled_udp_offered_rate,20.0,40.0,20.0,40.0,iperf3_udp_sender,OK_UDP_FFMPEG_MATCH,Reference load taken from rate-controlled UDP sender summary (20 Mbps/STA). ffmpeg target=20 Mbps/STA; difference=0.000% <= tolerance 2.000%. TCP is retained as achieved throughput and is not required to match the reference load.,0.0,20.0,20.0,100.0,100.0,20.0,20.0,0.279,0.0,20.0,20.0,40.0,20.0,20.0,20.0,20.0,D:\iPCF2_5GHz_Lab_SN_BW40MHz\Prueba_Siemens2\Test 1,iPCF2_5GHz_Lab_SN_BW40MHz,iPCF2_ON,C:\Users\rarriaga\Documents\ipcf_2 analisis\ALL_SN_RESULTS_FINAL\per_configuration\iPCF2_5GHz_Lab_SN_BW40MHz
iPCF2,5GHz,Lab,SN,40,2,ffmpeg_udp,2025-11-25 14:43:20.000,2025-11-25 14:46:20.000,180.0,50.0,100.0,ffmpeg_sdp_target_rate,50.0,100.0,50.0,100.0,iperf3_udp_sender,OK_UDP_FFMPEG_MATCH,Reference load taken from rate-controlled UDP sender summary (50 Mbps/STA). ffmpeg target=50 Mbps/STA; difference=0.000% <= tolerance 2.000%. TCP is retained as achieved throughput and is not required to match the reference load.,0.0,50.0,50.0,100.0,100.0,50.0,50.0,0.316,0.0046,50.0,50.0,100.0,50.0,50.0,50.0,50.0,D:\iPCF2_5GHz_Lab_SN_BW40MHz\Prueba_Siemens2\Test 2,iPCF2_5GHz_Lab_SN_BW40MHz,iPCF2_ON,C:\Users\rarriaga\Documents\ipcf_2 analisis\ALL_SN_RESULTS_FINAL\per_configuration\iPCF2_5GHz_Lab_SN_BW40MHz
iPCF2,5GHz,Lab,SN,40,2,idle,2025-11-25 14:37:11.000,2025-11-25 14:37:20.000,9.0,,,,,,50.0,100.0,iperf3_udp_sender,OK_UDP_FFMPEG_MATCH,Reference load taken from rate-controlled UDP sender summary (50 Mbps/STA). ffmpeg target=50 Mbps/STA; difference=0.000% <= tolerance 2.000%. TCP is retained as achieved throughput and is not required to match the reference load.,0.0,50.0,50.0,100.0,100.0,50.0,50.0,0.316,0.0046,50.0,50.0,100.0,50.0,50.0,50.0,50.0,D:\iPCF2_5GHz_Lab_SN_BW40MHz\Prueba_Siemens2\Test 2,iPCF2_5GHz_Lab_SN_BW40MHz,iPCF2_ON,C:\Users\rarriaga\Documents\ipcf_2 analisis\ALL_SN_RESULTS_FINAL\per_configuration\iPCF2_5GHz_Lab_SN_BW40MHz
iPCF2,5GHz,Lab,SN,40,2,iperf_tcp,2025-11-25 14:37:20.000,2025-11-25 14:40:20.000,180.0,50.0,100.0,achieved_tcp_sender_throughput,50.0,100.0,50.0,100.0,iperf3_udp_sender,OK_UDP_FFMPEG_MATCH,Reference load taken from rate-controlled UDP sender summary (50 Mbps/STA). ffmpeg target=50 Mbps/STA; difference=0.000% <= tolerance 2.000%. TCP is retained as achieved throughput and is not required to match the reference load.,0.0,50.0,50.0,100.0,100.0,50.0,50.0,0.316,0.0046,50.0,50.0,100.0,50.0,50.0,50.0,50.0,D:\iPCF2_5GHz_Lab_SN_BW40MHz\Prueba_Siemens2\Test 2,iPCF2_5GHz_Lab_SN_BW40MHz,iPCF2_ON,C:\Users\rarriaga\Documents\ipcf_2 analisis\ALL_SN_RESULTS_FINAL\per_configuration\iPCF2_5GHz_Lab_SN_BW40MHz
iPCF2,5GHz,Lab,SN,40,2,iperf_udp,2025-11-25 14:40:20.000,2025-11-25 14:43:20.000,180.0,50.0,100.0,controlled_udp_offered_rate,50.0,100.0,50.0,100.0,iperf3_udp_sender,OK_UDP_FFMPEG_MATCH,Reference load taken from rate-controlled UDP sender summary (50 Mbps/STA). ffmpeg target=50 Mbps/STA; difference=0.000% <= tolerance 2.000%. TCP is retained as achieved throughput and is not required to match the reference load.,0.0,50.0,50.0,100.0,100.0,50.0,50.0,0.316,0.0046,50.0,50.0,100.0,50.0,50.0,50.0,50.0,D:\iPCF2_5GHz_Lab_SN_BW40MHz\Prueba_Siemens2\Test 2,iPCF2_5GHz_Lab_SN_BW40MHz,iPCF2_ON,C:\Users\rarriaga\Documents\ipcf_2 analisis\ALL_SN_RESULTS_FINAL\per_configuration\iPCF2_5GHz_Lab_SN_BW40MHz
iPCF2,5GHz,Lab,SN,40,3,ffmpeg_udp,2025-11-25 14:55:39.000,2025-11-25 14:58:39.000,180.0,100.0,200.0,ffmpeg_sdp_target_rate,100.0,200.0,100.0,200.0,iperf3_udp_sender,OK_UDP_FFMPEG_MATCH,Reference load taken from rate-controlled UDP sender summary (100 Mbps/STA). ffmpeg target=100 Mbps/STA; difference=0.000% <= tolerance 2.000%. TCP is retained as achieved throughput and is not required to match the reference load.,0.0,53.7,53.5,53.7,53.5,100.0,74.7,0.232,25.0,100.0,100.0,200.0,53.7,53.5,100.0,74.7,D:\iPCF2_5GHz_Lab_SN_BW40MHz\Prueba_Siemens2\Test 3,iPCF2_5GHz_Lab_SN_BW40MHz,iPCF2_ON,C:\Users\rarriaga\Documents\ipcf_2 analisis\ALL_SN_RESULTS_FINAL\per_configuration\iPCF2_5GHz_Lab_SN_BW40MHz
iPCF2,5GHz,Lab,SN,40,3,idle,2025-11-25 14:49:29.000,2025-11-25 14:49:38.000,9.0,,,,,,100.0,200.0,iperf3_udp_sender,OK_UDP_FFMPEG_MATCH,Reference load taken from rate-controlled UDP sender summary (100 Mbps/STA). ffmpeg target=100 Mbps/STA; difference=0.000% <= tolerance 2.000%. TCP is retained as achieved throughput and is not required to match the reference load.,0.0,53.7,53.5,53.7,53.5,100.0,74.7,0.232,25.0,100.0,100.0,200.0,53.7,53.5,100.0,74.7,D:\iPCF2_5GHz_Lab_SN_BW40MHz\Prueba_Siemens2\Test 3,iPCF2_5GHz_Lab_SN_BW40MHz,iPCF2_ON,C:\Users\rarriaga\Documents\ipcf_2 analisis\ALL_SN_RESULTS_FINAL\per_configuration\iPCF2_5GHz_Lab_SN_BW40MHz
iPCF2,5GHz,Lab,SN,40,3,iperf_tcp,2025-11-25 14:49:38.000,2025-11-25 14:52:38.000,180.0,53.7,107.4,achieved_tcp_sender_throughput,53.7,107.4,100.0,200.0,iperf3_udp_sender,OK_UDP_FFMPEG_MATCH,Reference load taken from rate-controlled UDP sender summary (100 Mbps/STA). ffmpeg target=100 Mbps/STA; difference=0.000% <= tolerance 2.000%. TCP is retained as achieved throughput and is not required to match the reference load.,0.0,53.7,53.5,53.7,53.5,100.0,74.7,0.232,25.0,100.0,100.0,200.0,53.7,53.5,100.0,74.7,D:\iPCF2_5GHz_Lab_SN_BW40MHz\Prueba_Siemens2\Test 3,iPCF2_5GHz_Lab_SN_BW40MHz,iPCF2_ON,C:\Users\rarriaga\Documents\ipcf_2 analisis\ALL_SN_RESULTS_FINAL\per_configuration\iPCF2_5GHz_Lab_SN_BW40MHz
iPCF2,5GHz,Lab,SN,40,3,iperf_udp,2025-11-25 14:52:38.000,2025-11-25 14:55:38.000,180.0,100.0,200.0,controlled_udp_offered_rate,100.0,200.0,100.0,200.0,iperf3_udp_sender,OK_UDP_FFMPEG_MATCH,Reference load taken from rate-controlled UDP sender summary (100 Mbps/STA). ffmpeg target=100 Mbps/STA; difference=0.000% <= tolerance 2.000%. TCP is retained as achieved throughput and is not required to match the reference load.,0.0,53.7,53.5,53.7,53.5,100.0,74.7,0.232,25.0,100.0,100.0,200.0,53.7,53.5,100.0,74.7,D:\iPCF2_5GHz_Lab_SN_BW40MHz\Prueba_Siemens2\Test 3,iPCF2_5GHz_Lab_SN_BW40MHz,iPCF2_ON,C:\Users\rarriaga\Documents\ipcf_2 analisis\ALL_SN_RESULTS_FINAL\per_configuration\iPCF2_5GHz_Lab_SN_BW40MHz
iPCF2,5GHz,Lab,SN,40,4,ffmpeg_udp,2025-11-25 15:08:35.000,2025-11-25 15:11:35.000,180.0,140.0,280.0,ffmpeg_sdp_target_rate,140.0,280.0,140.0,280.0,iperf3_udp_sender,OK_UDP_FFMPEG_MATCH,Reference load taken from rate-controlled UDP sender summary (140 Mbps/STA). ffmpeg target=140 Mbps/STA; difference=0.000% <= tolerance 2.000%. TCP is retained as achieved throughput and is not required to match the reference load.,0.0,67.1,66.9,47.92857142857142,47.78571428571429,140.0,68.3,0.115,51.0,140.0,140.0,280.0,67.1,66.9,140.0,68.3,D:\iPCF2_5GHz_Lab_SN_BW40MHz\Prueba_Siemens2\Test 4,iPCF2_5GHz_Lab_SN_BW40MHz,iPCF2_ON,C:\Users\rarriaga\Documents\ipcf_2 analisis\ALL_SN_RESULTS_FINAL\per_configuration\iPCF2_5GHz_Lab_SN_BW40MHz
iPCF2,5GHz,Lab,SN,40,4,idle,2025-11-25 15:02:25.000,2025-11-25 15:02:34.000,9.0,,,,,,140.0,280.0,iperf3_udp_sender,OK_UDP_FFMPEG_MATCH,Reference load taken from rate-controlled UDP sender summary (140 Mbps/STA). ffmpeg target=140 Mbps/STA; difference=0.000% <= tolerance 2.000%. TCP is retained as achieved throughput and is not required to match the reference load.,0.0,67.1,66.9,47.92857142857142,47.78571428571429,140.0,68.3,0.115,51.0,140.0,140.0,280.0,67.1,66.9,140.0,68.3,D:\iPCF2_5GHz_Lab_SN_BW40MHz\Prueba_Siemens2\Test 4,iPCF2_5GHz_Lab_SN_BW40MHz,iPCF2_ON,C:\Users\rarriaga\Documents\ipcf_2 analisis\ALL_SN_RESULTS_FINAL\per_configuration\iPCF2_5GHz_Lab_SN_BW40MHz
iPCF2,5GHz,Lab,SN,40,4,iperf_tcp,2025-11-25 15:02:34.000,2025-11-25 15:05:34.000,180.0,67.1,134.2,achieved_tcp_sender_throughput,67.1,134.2,140.0,280.0,iperf3_udp_sender,OK_UDP_FFMPEG_MATCH,Reference load taken from rate-controlled UDP sender summary (140 Mbps/STA). ffmpeg target=140 Mbps/STA; difference=0.000% <= tolerance 2.000%. TCP is retained as achieved throughput and is not required to match the reference load.,0.0,67.1,66.9,47.92857142857142,47.78571428571429,140.0,68.3,0.115,51.0,140.0,140.0,280.0,67.1,66.9,140.0,68.3,D:\iPCF2_5GHz_Lab_SN_BW40MHz\Prueba_Siemens2\Test 4,iPCF2_5GHz_Lab_SN_BW40MHz,iPCF2_ON,C:\Users\rarriaga\Documents\ipcf_2 analisis\ALL_SN_RESULTS_FINAL\per_configuration\iPCF2_5GHz_Lab_SN_BW40MHz
iPCF2,5GHz,Lab,SN,40,4,iperf_udp,2025-11-25 15:05:34.000,2025-11-25 15:08:34.000,180.0,140.0,280.0,controlled_udp_offered_rate,140.0,280.0,140.0,280.0,iperf3_udp_sender,OK_UDP_FFMPEG_MATCH,Reference load taken from rate-controlled UDP sender summary (140 Mbps/STA). ffmpeg target=140 Mbps/STA; difference=0.000% <= tolerance 2.000%. TCP is retained as achieved throughput and is not required to match the reference load.,0.0,67.1,66.9,47.92857142857142,47.78571428571429,140.0,68.3,0.115,51.0,140.0,140.0,280.0,67.1,66.9,140.0,68.3,D:\iPCF2_5GHz_Lab_SN_BW40MHz\Prueba_Siemens2\Test 4,iPCF2_5GHz_Lab_SN_BW40MHz,iPCF2_ON,C:\Users\rarriaga\Documents\ipcf_2 analisis\ALL_SN_RESULTS_FINAL\per_configuration\iPCF2_5GHz_Lab_SN_BW40MHz
iPCF2,5GHz,Lab,SN,80,1,ffmpeg_udp,2025-11-25 15:43:22.000,2025-11-25 15:46:22.000,180.0,100.0,200.0,ffmpeg_sdp_target_rate,100.0,200.0,100.0,200.0,iperf3_udp_sender,OK_UDP_FFMPEG_MATCH,Reference load taken from rate-controlled UDP sender summary (100 Mbps/STA). ffmpeg target=100 Mbps/STA; difference=0.000% <= tolerance 2.000%. TCP is retained as achieved throughput and is not required to match the reference load.,0.0,100.0,100.0,100.0,100.0,100.0,100.0,0.176,0.018,100.0,100.0,200.0,100.0,100.0,100.0,100.0,D:\iPCF2_5GHz_Lab_SN_BW80MHz\Prueba_Siemens2\Test 1,iPCF2_5GHz_Lab_SN_BW80MHz,iPCF2_ON,C:\Users\rarriaga\Documents\ipcf_2 analisis\ALL_SN_RESULTS_FINAL\per_configuration\iPCF2_5GHz_Lab_SN_BW80MHz
iPCF2,5GHz,Lab,SN,80,1,idle,2025-11-25 15:34:23.000,2025-11-25 15:37:22.000,179.0,,,,,,100.0,200.0,iperf3_udp_sender,OK_UDP_FFMPEG_MATCH,Reference load taken from rate-controlled UDP sender summary (100 Mbps/STA). ffmpeg target=100 Mbps/STA; difference=0.000% <= tolerance 2.000%. TCP is retained as achieved throughput and is not required to match the reference load.,0.0,100.0,100.0,100.0,100.0,100.0,100.0,0.176,0.018,100.0,100.0,200.0,100.0,100.0,100.0,100.0,D:\iPCF2_5GHz_Lab_SN_BW80MHz\Prueba_Siemens2\Test 1,iPCF2_5GHz_Lab_SN_BW80MHz,iPCF2_ON,C:\Users\rarriaga\Documents\ipcf_2 analisis\ALL_SN_RESULTS_FINAL\per_configuration\iPCF2_5GHz_Lab_SN_BW80MHz
iPCF2,5GHz,Lab,SN,80,1,iperf_tcp,2025-11-25 15:37:22.000,2025-11-25 15:40:22.000,180.0,100.0,200.0,achieved_tcp_sender_throughput,100.0,200.0,100.0,200.0,iperf3_udp_sender,OK_UDP_FFMPEG_MATCH,Reference load taken from rate-controlled UDP sender summary (100 Mbps/STA). ffmpeg target=100 Mbps/STA; difference=0.000% <= tolerance 2.000%. TCP is retained as achieved throughput and is not required to match the reference load.,0.0,100.0,100.0,100.0,100.0,100.0,100.0,0.176,0.018,100.0,100.0,200.0,100.0,100.0,100.0,100.0,D:\iPCF2_5GHz_Lab_SN_BW80MHz\Prueba_Siemens2\Test 1,iPCF2_5GHz_Lab_SN_BW80MHz,iPCF2_ON,C:\Users\rarriaga\Documents\ipcf_2 analisis\ALL_SN_RESULTS_FINAL\per_configuration\iPCF2_5GHz_Lab_SN_BW80MHz
iPCF2,5GHz,Lab,SN,80,1,iperf_udp,2025-11-25 15:40:22.000,2025-11-25 15:43:22.000,180.0,100.0,200.0,controlled_udp_offered_rate,100.0,200.0,100.0,200.0,iperf3_udp_sender,OK_UDP_FFMPEG_MATCH,Reference load taken from rate-controlled UDP sender summary (100 Mbps/STA). ffmpeg target=100 Mbps/STA; difference=0.000% <= tolerance 2.000%. TCP is retained as achieved throughput and is not required to match the reference load.,0.0,100.0,100.0,100.0,100.0,100.0,100.0,0.176,0.018,100.0,100.0,200.0,100.0,100.0,100.0,100.0,D:\iPCF2_5GHz_Lab_SN_BW80MHz\Prueba_Siemens2\Test 1,iPCF2_5GHz_Lab_SN_BW80MHz,iPCF2_ON,C:\Users\rarriaga\Documents\ipcf_2 analisis\ALL_SN_RESULTS_FINAL\per_configuration\iPCF2_5GHz_Lab_SN_BW80MHz
iPCF2,5GHz,Lab,SN,80,2,ffmpeg_udp,2025-11-25 15:56:36.000,2025-11-25 15:59:36.000,180.0,150.0,300.0,ffmpeg_sdp_target_rate,150.0,300.0,150.0,300.0,iperf3_udp_sender,OK_UDP_FFMPEG_MATCH,Reference load taken from rate-controlled UDP sender summary (150 Mbps/STA). ffmpeg target=150 Mbps/STA; difference=0.000% <= tolerance 2.000%. TCP is retained as achieved throughput and is not required to match the reference load.,0.0,141.0,141.0,94.0,94.0,150.0,139.0,0.083,7.5,150.0,150.0,300.0,141.0,141.0,150.0,139.0,D:\iPCF2_5GHz_Lab_SN_BW80MHz\Prueba_Siemens2\Test 2,iPCF2_5GHz_Lab_SN_BW80MHz,iPCF2_ON,C:\Users\rarriaga\Documents\ipcf_2 analisis\ALL_SN_RESULTS_FINAL\per_configuration\iPCF2_5GHz_Lab_SN_BW80MHz
iPCF2,5GHz,Lab,SN,80,2,idle,2025-11-25 15:50:27.000,2025-11-25 15:50:36.000,9.0,,,,,,150.0,300.0,iperf3_udp_sender,OK_UDP_FFMPEG_MATCH,Reference load taken from rate-controlled UDP sender summary (150 Mbps/STA). ffmpeg target=150 Mbps/STA; difference=0.000% <= tolerance 2.000%. TCP is retained as achieved throughput and is not required to match the reference load.,0.0,141.0,141.0,94.0,94.0,150.0,139.0,0.083,7.5,150.0,150.0,300.0,141.0,141.0,150.0,139.0,D:\iPCF2_5GHz_Lab_SN_BW80MHz\Prueba_Siemens2\Test 2,iPCF2_5GHz_Lab_SN_BW80MHz,iPCF2_ON,C:\Users\rarriaga\Documents\ipcf_2 analisis\ALL_SN_RESULTS_FINAL\per_configuration\iPCF2_5GHz_Lab_SN_BW80MHz
iPCF2,5GHz,Lab,SN,80,2,iperf_tcp,2025-11-25 15:50:36.000,2025-11-25 15:53:36.000,180.0,141.0,282.0,achieved_tcp_sender_throughput,141.0,282.0,150.0,300.0,iperf3_udp_sender,OK_UDP_FFMPEG_MATCH,Reference load taken from rate-controlled UDP sender summary (150 Mbps/STA). ffmpeg target=150 Mbps/STA; difference=0.000% <= tolerance 2.000%. TCP is retained as achieved throughput and is not required to match the reference load.,0.0,141.0,141.0,94.0,94.0,150.0,139.0,0.083,7.5,150.0,150.0,300.0,141.0,141.0,150.0,139.0,D:\iPCF2_5GHz_Lab_SN_BW80MHz\Prueba_Siemens2\Test 2,iPCF2_5GHz_Lab_SN_BW80MHz,iPCF2_ON,C:\Users\rarriaga\Documents\ipcf_2 analisis\ALL_SN_RESULTS_FINAL\per_configuration\iPCF2_5GHz_Lab_SN_BW80MHz
iPCF2,5GHz,Lab,SN,80,2,iperf_udp,2025-11-25 15:53:36.000,2025-11-25 15:56:36.000,180.0,150.0,300.0,controlled_udp_offered_rate,150.0,300.0,150.0,300.0,iperf3_udp_sender,OK_UDP_FFMPEG_MATCH,Reference load taken from rate-controlled UDP sender summary (150 Mbps/STA). ffmpeg target=150 Mbps/STA; difference=0.000% <= tolerance 2.000%. TCP is retained as achieved throughput and is not required to match the reference load.,0.0,141.0,141.0,94.0,94.0,150.0,139.0,0.083,7.5,150.0,150.0,300.0,141.0,141.0,150.0,139.0,D:\iPCF2_5GHz_Lab_SN_BW80MHz\Prueba_Siemens2\Test 2,iPCF2_5GHz_Lab_SN_BW80MHz,iPCF2_ON,C:\Users\rarriaga\Documents\ipcf_2 analisis\ALL_SN_RESULTS_FINAL\per_configuration\iPCF2_5GHz_Lab_SN_BW80MHz
iWLAN,24GHz,CamAne,SN,20,1,ffmpeg_udp,2025-11-25 15:04:54.000,2025-11-25 15:07:54.000,180.0,10.0,20.0,ffmpeg_sdp_target_rate,10.0,20.0,10.0,20.0,iperf3_udp_sender,OK_UDP_FFMPEG_MATCH,Reference load taken from rate-controlled UDP sender summary (10 Mbps/STA). ffmpeg target=10 Mbps/STA; difference=0.000% <= tolerance 2.000%. TCP is retained as achieved throughput and is not required to match the reference load.,0.0,10.0,10.0,100.0,100.0,10.0,10.0,0.995,0.0,10.0,10.0,20.0,10.0,10.0,10.0,10.0,D:\iWLAN_24GHz_CamAne_SN_BW20MHz\Prueba_Siemens2\Test 1,iWLAN_24GHz_CamAne_SN_BW20MHz,iPCF2_OFF_iWLAN,C:\Users\rarriaga\Documents\ipcf_2 analisis\ALL_SN_RESULTS_FINAL\per_configuration\iWLAN_24GHz_CamAne_SN_BW20MHz
iWLAN,24GHz,CamAne,SN,20,1,idle,2025-11-25 14:55:54.000,2025-11-25 14:58:54.000,180.0,,,,,,10.0,20.0,iperf3_udp_sender,OK_UDP_FFMPEG_MATCH,Reference load taken from rate-controlled UDP sender summary (10 Mbps/STA). ffmpeg target=10 Mbps/STA; difference=0.000% <= tolerance 2.000%. TCP is retained as achieved throughput and is not required to match the reference load.,0.0,10.0,10.0,100.0,100.0,10.0,10.0,0.995,0.0,10.0,10.0,20.0,10.0,10.0,10.0,10.0,D:\iWLAN_24GHz_CamAne_SN_BW20MHz\Prueba_Siemens2\Test 1,iWLAN_24GHz_CamAne_SN_BW20MHz,iPCF2_OFF_iWLAN,C:\Users\rarriaga\Documents\ipcf_2 analisis\ALL_SN_RESULTS_FINAL\per_configuration\iWLAN_24GHz_CamAne_SN_BW20MHz
iWLAN,24GHz,CamAne,SN,20,1,iperf_tcp,2025-11-25 14:58:54.000,2025-11-25 15:01:54.000,180.0,10.0,20.0,achieved_tcp_sender_throughput,10.0,20.0,10.0,20.0,iperf3_udp_sender,OK_UDP_FFMPEG_MATCH,Reference load taken from rate-controlled UDP sender summary (10 Mbps/STA). ffmpeg target=10 Mbps/STA; difference=0.000% <= tolerance 2.000%. TCP is retained as achieved throughput and is not required to match the reference load.,0.0,10.0,10.0,100.0,100.0,10.0,10.0,0.995,0.0,10.0,10.0,20.0,10.0,10.0,10.0,10.0,D:\iWLAN_24GHz_CamAne_SN_BW20MHz\Prueba_Siemens2\Test 1,iWLAN_24GHz_CamAne_SN_BW20MHz,iPCF2_OFF_iWLAN,C:\Users\rarriaga\Documents\ipcf_2 analisis\ALL_SN_RESULTS_FINAL\per_configuration\iWLAN_24GHz_CamAne_SN_BW20MHz
iWLAN,24GHz,CamAne,SN,20,1,iperf_udp,2025-11-25 15:01:54.000,2025-11-25 15:04:54.000,180.0,10.0,20.0,controlled_udp_offered_rate,10.0,20.0,10.0,20.0,iperf3_udp_sender,OK_UDP_FFMPEG_MATCH,Reference load taken from rate-controlled UDP sender summary (10 Mbps/STA). ffmpeg target=10 Mbps/STA; difference=0.000% <= tolerance 2.000%. TCP is retained as achieved throughput and is not required to match the reference load.,0.0,10.0,10.0,100.0,100.0,10.0,10.0,0.995,0.0,10.0,10.0,20.0,10.0,10.0,10.0,10.0,D:\iWLAN_24GHz_CamAne_SN_BW20MHz\Prueba_Siemens2\Test 1,iWLAN_24GHz_CamAne_SN_BW20MHz,iPCF2_OFF_iWLAN,C:\Users\rarriaga\Documents\ipcf_2 analisis\ALL_SN_RESULTS_FINAL\per_configuration\iWLAN_24GHz_CamAne_SN_BW20MHz
iWLAN,24GHz,CamAne,SN,20,2,ffmpeg_udp,2025-11-25 15:17:01.000,2025-11-25 15:20:01.000,180.0,20.0,40.0,ffmpeg_sdp_target_rate,20.0,40.0,20.0,40.0,iperf3_udp_sender,OK_UDP_FFMPEG_MATCH,Reference load taken from rate-controlled UDP sender summary (20 Mbps/STA). ffmpeg target=20 Mbps/STA; difference=0.000% <= tolerance 2.000%. TCP is retained as achieved throughput and is not required to match the reference load.,0.0,20.0,20.0,100.0,100.0,20.0,20.0,0.609,0.0,20.0,20.0,40.0,20.0,20.0,20.0,20.0,D:\iWLAN_24GHz_CamAne_SN_BW20MHz\Prueba_Siemens2\Test 2,iWLAN_24GHz_CamAne_SN_BW20MHz,iPCF2_OFF_iWLAN,C:\Users\rarriaga\Documents\ipcf_2 analisis\ALL_SN_RESULTS_FINAL\per_configuration\iWLAN_24GHz_CamAne_SN_BW20MHz
iWLAN,24GHz,CamAne,SN,20,2,idle,2025-11-25 15:10:52.000,2025-11-25 15:11:01.000,9.0,,,,,,20.0,40.0,iperf3_udp_sender,OK_UDP_FFMPEG_MATCH,Reference load taken from rate-controlled UDP sender summary (20 Mbps/STA). ffmpeg target=20 Mbps/STA; difference=0.000% <= tolerance 2.000%. TCP is retained as achieved throughput and is not required to match the reference load.,0.0,20.0,20.0,100.0,100.0,20.0,20.0,0.609,0.0,20.0,20.0,40.0,20.0,20.0,20.0,20.0,D:\iWLAN_24GHz_CamAne_SN_BW20MHz\Prueba_Siemens2\Test 2,iWLAN_24GHz_CamAne_SN_BW20MHz,iPCF2_OFF_iWLAN,C:\Users\rarriaga\Documents\ipcf_2 analisis\ALL_SN_RESULTS_FINAL\per_configuration\iWLAN_24GHz_CamAne_SN_BW20MHz
iWLAN,24GHz,CamAne,SN,20,2,iperf_tcp,2025-11-25 15:11:01.000,2025-11-25 15:14:01.000,180.0,20.0,40.0,achieved_tcp_sender_throughput,20.0,40.0,20.0,40.0,iperf3_udp_sender,OK_UDP_FFMPEG_MATCH,Reference load taken from rate-controlled UDP sender summary (20 Mbps/STA). ffmpeg target=20 Mbps/STA; difference=0.000% <= tolerance 2.000%. TCP is retained as achieved throughput and is not required to match the reference load.,0.0,20.0,20.0,100.0,100.0,20.0,20.0,0.609,0.0,20.0,20.0,40.0,20.0,20.0,20.0,20.0,D:\iWLAN_24GHz_CamAne_SN_BW20MHz\Prueba_Siemens2\Test 2,iWLAN_24GHz_CamAne_SN_BW20MHz,iPCF2_OFF_iWLAN,C:\Users\rarriaga\Documents\ipcf_2 analisis\ALL_SN_RESULTS_FINAL\per_configuration\iWLAN_24GHz_CamAne_SN_BW20MHz
iWLAN,24GHz,CamAne,SN,20,2,iperf_udp,2025-11-25 15:14:01.000,2025-11-25 15:17:01.000,180.0,20.0,40.0,controlled_udp_offered_rate,20.0,40.0,20.0,40.0,iperf3_udp_sender,OK_UDP_FFMPEG_MATCH,Reference load taken from rate-controlled UDP sender summary (20 Mbps/STA). ffmpeg target=20 Mbps/STA; difference=0.000% <= tolerance 2.000%. TCP is retained as achieved throughput and is not required to match the reference load.,0.0,20.0,20.0,100.0,100.0,20.0,20.0,0.609,0.0,20.0,20.0,40.0,20.0,20.0,20.0,20.0,D:\iWLAN_24GHz_CamAne_SN_BW20MHz\Prueba_Siemens2\Test 2,iWLAN_24GHz_CamAne_SN_BW20MHz,iPCF2_OFF_iWLAN,C:\Users\rarriaga\Documents\ipcf_2 analisis\ALL_SN_RESULTS_FINAL\per_configuration\iWLAN_24GHz_CamAne_SN_BW20MHz
iWLAN,24GHz,CamAne,SN,20,3,ffmpeg_udp,2025-11-25 15:29:34.000,2025-11-25 15:32:34.000,180.0,30.0,60.0,ffmpeg_sdp_target_rate,30.0,60.0,30.0,60.0,iperf3_udp_sender,OK_UDP_FFMPEG_MATCH,Reference load taken from rate-controlled UDP sender summary (30 Mbps/STA). ffmpeg target=30 Mbps/STA; difference=0.000% <= tolerance 2.000%. TCP is retained as achieved throughput and is not required to match the reference load.,0.0,22.9,22.9,76.33333333333333,76.33333333333333,30.0,30.0,0.414,0.0,30.0,30.0,60.0,22.9,22.9,30.0,30.0,D:\iWLAN_24GHz_CamAne_SN_BW20MHz\Prueba_Siemens2\Test 3,iWLAN_24GHz_CamAne_SN_BW20MHz,iPCF2_OFF_iWLAN,C:\Users\rarriaga\Documents\ipcf_2 analisis\ALL_SN_RESULTS_FINAL\per_configuration\iWLAN_24GHz_CamAne_SN_BW20MHz
iWLAN,24GHz,CamAne,SN,20,3,idle,2025-11-25 15:23:24.000,2025-11-25 15:23:33.000,9.0,,,,,,30.0,60.0,iperf3_udp_sender,OK_UDP_FFMPEG_MATCH,Reference load taken from rate-controlled UDP sender summary (30 Mbps/STA). ffmpeg target=30 Mbps/STA; difference=0.000% <= tolerance 2.000%. TCP is retained as achieved throughput and is not required to match the reference load.,0.0,22.9,22.9,76.33333333333333,76.33333333333333,30.0,30.0,0.414,0.0,30.0,30.0,60.0,22.9,22.9,30.0,30.0,D:\iWLAN_24GHz_CamAne_SN_BW20MHz\Prueba_Siemens2\Test 3,iWLAN_24GHz_CamAne_SN_BW20MHz,iPCF2_OFF_iWLAN,C:\Users\rarriaga\Documents\ipcf_2 analisis\ALL_SN_RESULTS_FINAL\per_configuration\iWLAN_24GHz_CamAne_SN_BW20MHz
iWLAN,24GHz,CamAne,SN,20,3,iperf_tcp,2025-11-25 15:23:33.000,2025-11-25 15:26:33.000,180.0,22.9,45.8,achieved_tcp_sender_throughput,22.9,45.8,30.0,60.0,iperf3_udp_sender,OK_UDP_FFMPEG_MATCH,Reference load taken from rate-controlled UDP sender summary (30 Mbps/STA). ffmpeg target=30 Mbps/STA; difference=0.000% <= tolerance 2.000%. TCP is retained as achieved throughput and is not required to match the reference load.,0.0,22.9,22.9,76.33333333333333,76.33333333333333,30.0,30.0,0.414,0.0,30.0,30.0,60.0,22.9,22.9,30.0,30.0,D:\iWLAN_24GHz_CamAne_SN_BW20MHz\Prueba_Siemens2\Test 3,iWLAN_24GHz_CamAne_SN_BW20MHz,iPCF2_OFF_iWLAN,C:\Users\rarriaga\Documents\ipcf_2 analisis\ALL_SN_RESULTS_FINAL\per_configuration\iWLAN_24GHz_CamAne_SN_BW20MHz
iWLAN,24GHz,CamAne,SN,20,3,iperf_udp,2025-11-25 15:26:33.000,2025-11-25 15:29:33.000,180.0,30.0,60.0,controlled_udp_offered_rate,30.0,60.0,30.0,60.0,iperf3_udp_sender,OK_UDP_FFMPEG_MATCH,Reference load taken from rate-controlled UDP sender summary (30 Mbps/STA). ffmpeg target=30 Mbps/STA; difference=0.000% <= tolerance 2.000%. TCP is retained as achieved throughput and is not required to match the reference load.,0.0,22.9,22.9,76.33333333333333,76.33333333333333,30.0,30.0,0.414,0.0,30.0,30.0,60.0,22.9,22.9,30.0,30.0,D:\iWLAN_24GHz_CamAne_SN_BW20MHz\Prueba_Siemens2\Test 3,iWLAN_24GHz_CamAne_SN_BW20MHz,iPCF2_OFF_iWLAN,C:\Users\rarriaga\Documents\ipcf_2 analisis\ALL_SN_RESULTS_FINAL\per_configuration\iWLAN_24GHz_CamAne_SN_BW20MHz
iWLAN,24GHz,CamAne,SN,20,4,ffmpeg_udp,2025-11-25 15:40:37.000,2025-11-25 15:43:37.000,180.0,40.0,80.0,ffmpeg_sdp_target_rate,40.0,80.0,40.0,80.0,iperf3_udp_sender,OK_UDP_FFMPEG_MATCH,Reference load taken from rate-controlled UDP sender summary (40 Mbps/STA). ffmpeg target=40 Mbps/STA; difference=0.000% <= tolerance 2.000%. TCP is retained as achieved throughput and is not required to match the reference load.,0.0,19.9,19.8,49.74999999999999,49.5,40.0,40.0,0.35,0.0,40.0,40.0,80.0,19.9,19.8,40.0,40.0,D:\iWLAN_24GHz_CamAne_SN_BW20MHz\Prueba_Siemens2\Test 4,iWLAN_24GHz_CamAne_SN_BW20MHz,iPCF2_OFF_iWLAN,C:\Users\rarriaga\Documents\ipcf_2 analisis\ALL_SN_RESULTS_FINAL\per_configuration\iWLAN_24GHz_CamAne_SN_BW20MHz
iWLAN,24GHz,CamAne,SN,20,4,idle,2025-11-25 15:34:26.000,2025-11-25 15:34:35.000,9.0,,,,,,40.0,80.0,iperf3_udp_sender,OK_UDP_FFMPEG_MATCH,Reference load taken from rate-controlled UDP sender summary (40 Mbps/STA). ffmpeg target=40 Mbps/STA; difference=0.000% <= tolerance 2.000%. TCP is retained as achieved throughput and is not required to match the reference load.,0.0,19.9,19.8,49.74999999999999,49.5,40.0,40.0,0.35,0.0,40.0,40.0,80.0,19.9,19.8,40.0,40.0,D:\iWLAN_24GHz_CamAne_SN_BW20MHz\Prueba_Siemens2\Test 4,iWLAN_24GHz_CamAne_SN_BW20MHz,iPCF2_OFF_iWLAN,C:\Users\rarriaga\Documents\ipcf_2 analisis\ALL_SN_RESULTS_FINAL\per_configuration\iWLAN_24GHz_CamAne_SN_BW20MHz
iWLAN,24GHz,CamAne,SN,20,4,iperf_tcp,2025-11-25 15:34:35.000,2025-11-25 15:37:35.000,180.0,19.9,39.8,achieved_tcp_sender_throughput,19.9,39.8,40.0,80.0,iperf3_udp_sender,OK_UDP_FFMPEG_MATCH,Reference load taken from rate-controlled UDP sender summary (40 Mbps/STA). ffmpeg target=40 Mbps/STA; difference=0.000% <= tolerance 2.000%. TCP is retained as achieved throughput and is not required to match the reference load.,0.0,19.9,19.8,49.74999999999999,49.5,40.0,40.0,0.35,0.0,40.0,40.0,80.0,19.9,19.8,40.0,40.0,D:\iWLAN_24GHz_CamAne_SN_BW20MHz\Prueba_Siemens2\Test 4,iWLAN_24GHz_CamAne_SN_BW20MHz,iPCF2_OFF_iWLAN,C:\Users\rarriaga\Documents\ipcf_2 analisis\ALL_SN_RESULTS_FINAL\per_configuration\iWLAN_24GHz_CamAne_SN_BW20MHz
iWLAN,24GHz,CamAne,SN,20,4,iperf_udp,2025-11-25 15:37:35.000,2025-11-25 15:40:35.000,180.0,40.0,80.0,controlled_udp_offered_rate,40.0,80.0,40.0,80.0,iperf3_udp_sender,OK_UDP_FFMPEG_MATCH,Reference load taken from rate-controlled UDP sender summary (40 Mbps/STA). ffmpeg target=40 Mbps/STA; difference=0.000% <= tolerance 2.000%. TCP is retained as achieved throughput and is not required to match the reference load.,0.0,19.9,19.8,49.74999999999999,49.5,40.0,40.0,0.35,0.0,40.0,40.0,80.0,19.9,19.8,40.0,40.0,D:\iWLAN_24GHz_CamAne_SN_BW20MHz\Prueba_Siemens2\Test 4,iWLAN_24GHz_CamAne_SN_BW20MHz,iPCF2_OFF_iWLAN,C:\Users\rarriaga\Documents\ipcf_2 analisis\ALL_SN_RESULTS_FINAL\per_configuration\iWLAN_24GHz_CamAne_SN_BW20MHz
iWLAN,24GHz,CamAne,SN,20,5,ffmpeg_udp,2025-11-25 15:51:29.000,2025-11-25 15:54:29.000,180.0,50.0,100.0,ffmpeg_sdp_target_rate,50.0,100.0,50.0,100.0,iperf3_udp_sender,OK_UDP_FFMPEG_MATCH,Reference load taken from rate-controlled UDP sender summary (50 Mbps/STA). ffmpeg target=50 Mbps/STA; difference=0.000% <= tolerance 2.000%. TCP is retained as achieved throughput and is not required to match the reference load.,0.0,18.7,18.7,37.4,37.4,50.0,50.0,0.306,0.0,50.0,50.0,100.0,18.7,18.7,50.0,50.0,D:\iWLAN_24GHz_CamAne_SN_BW20MHz\Prueba_Siemens2\Test 5,iWLAN_24GHz_CamAne_SN_BW20MHz,iPCF2_OFF_iWLAN,C:\Users\rarriaga\Documents\ipcf_2 analisis\ALL_SN_RESULTS_FINAL\per_configuration\iWLAN_24GHz_CamAne_SN_BW20MHz
iWLAN,24GHz,CamAne,SN,20,5,idle,2025-11-25 15:45:18.000,2025-11-25 15:45:27.000,9.0,,,,,,50.0,100.0,iperf3_udp_sender,OK_UDP_FFMPEG_MATCH,Reference load taken from rate-controlled UDP sender summary (50 Mbps/STA). ffmpeg target=50 Mbps/STA; difference=0.000% <= tolerance 2.000%. TCP is retained as achieved throughput and is not required to match the reference load.,0.0,18.7,18.7,37.4,37.4,50.0,50.0,0.306,0.0,50.0,50.0,100.0,18.7,18.7,50.0,50.0,D:\iWLAN_24GHz_CamAne_SN_BW20MHz\Prueba_Siemens2\Test 5,iWLAN_24GHz_CamAne_SN_BW20MHz,iPCF2_OFF_iWLAN,C:\Users\rarriaga\Documents\ipcf_2 analisis\ALL_SN_RESULTS_FINAL\per_configuration\iWLAN_24GHz_CamAne_SN_BW20MHz
iWLAN,24GHz,CamAne,SN,20,5,iperf_tcp,2025-11-25 15:45:27.000,2025-11-25 15:48:27.000,180.0,18.7,37.4,achieved_tcp_sender_throughput,18.7,37.4,50.0,100.0,iperf3_udp_sender,OK_UDP_FFMPEG_MATCH,Reference load taken from rate-controlled UDP sender summary (50 Mbps/STA). ffmpeg target=50 Mbps/STA; difference=0.000% <= tolerance 2.000%. TCP is retained as achieved throughput and is not required to match the reference load.,0.0,18.7,18.7,37.4,37.4,50.0,50.0,0.306,0.0,50.0,50.0,100.0,18.7,18.7,50.0,50.0,D:\iWLAN_24GHz_CamAne_SN_BW20MHz\Prueba_Siemens2\Test 5,iWLAN_24GHz_CamAne_SN_BW20MHz,iPCF2_OFF_iWLAN,C:\Users\rarriaga\Documents\ipcf_2 analisis\ALL_SN_RESULTS_FINAL\per_configuration\iWLAN_24GHz_CamAne_SN_BW20MHz
iWLAN,24GHz,CamAne,SN,20,5,iperf_udp,2025-11-25 15:48:27.000,2025-11-25 15:51:27.000,180.0,50.0,100.0,controlled_udp_offered_rate,50.0,100.0,50.0,100.0,iperf3_udp_sender,OK_UDP_FFMPEG_MATCH,Reference load taken from rate-controlled UDP sender summary (50 Mbps/STA). ffmpeg target=50 Mbps/STA; difference=0.000% <= tolerance 2.000%. TCP is retained as achieved throughput and is not required to match the reference load.,0.0,18.7,18.7,37.4,37.4,50.0,50.0,0.306,0.0,50.0,50.0,100.0,18.7,18.7,50.0,50.0,D:\iWLAN_24GHz_CamAne_SN_BW20MHz\Prueba_Siemens2\Test 5,iWLAN_24GHz_CamAne_SN_BW20MHz,iPCF2_OFF_iWLAN,C:\Users\rarriaga\Documents\ipcf_2 analisis\ALL_SN_RESULTS_FINAL\per_configuration\iWLAN_24GHz_CamAne_SN_BW20MHz
iWLAN,24GHz,CamAne,SN,20,6,ffmpeg_udp,2025-11-25 16:03:12.000,2025-11-25 16:06:12.000,180.0,60.0,120.0,ffmpeg_sdp_target_rate,60.0,120.0,60.0,120.0,iperf3_udp_sender,OK_UDP_FFMPEG_MATCH,Reference load taken from rate-controlled UDP sender summary (60 Mbps/STA). ffmpeg target=60 Mbps/STA; difference=0.000% <= tolerance 2.000%. TCP is retained as achieved throughput and is not required to match the reference load.,0.0,18.9,18.9,31.499999999999996,31.499999999999996,60.0,51.4,0.229,14.0,60.0,60.0,120.0,18.9,18.9,60.0,51.4,D:\iWLAN_24GHz_CamAne_SN_BW20MHz\Prueba_Siemens2\Test 6,iWLAN_24GHz_CamAne_SN_BW20MHz,iPCF2_OFF_iWLAN,C:\Users\rarriaga\Documents\ipcf_2 analisis\ALL_SN_RESULTS_FINAL\per_configuration\iWLAN_24GHz_CamAne_SN_BW20MHz
iWLAN,24GHz,CamAne,SN,20,6,idle,2025-11-25 15:57:02.000,2025-11-25 15:57:11.000,9.0,,,,,,60.0,120.0,iperf3_udp_sender,OK_UDP_FFMPEG_MATCH,Reference load taken from rate-controlled UDP sender summary (60 Mbps/STA). ffmpeg target=60 Mbps/STA; difference=0.000% <= tolerance 2.000%. TCP is retained as achieved throughput and is not required to match the reference load.,0.0,18.9,18.9,31.499999999999996,31.499999999999996,60.0,51.4,0.229,14.0,60.0,60.0,120.0,18.9,18.9,60.0,51.4,D:\iWLAN_24GHz_CamAne_SN_BW20MHz\Prueba_Siemens2\Test 6,iWLAN_24GHz_CamAne_SN_BW20MHz,iPCF2_OFF_iWLAN,C:\Users\rarriaga\Documents\ipcf_2 analisis\ALL_SN_RESULTS_FINAL\per_configuration\iWLAN_24GHz_CamAne_SN_BW20MHz
iWLAN,24GHz,CamAne,SN,20,6,iperf_tcp,2025-11-25 15:57:11.000,2025-11-25 16:00:11.000,180.0,18.9,37.8,achieved_tcp_sender_throughput,18.9,37.8,60.0,120.0,iperf3_udp_sender,OK_UDP_FFMPEG_MATCH,Reference load taken from rate-controlled UDP sender summary (60 Mbps/STA). ffmpeg target=60 Mbps/STA; difference=0.000% <= tolerance 2.000%. TCP is retained as achieved throughput and is not required to match the reference load.,0.0,18.9,18.9,31.499999999999996,31.499999999999996,60.0,51.4,0.229,14.0,60.0,60.0,120.0,18.9,18.9,60.0,51.4,D:\iWLAN_24GHz_CamAne_SN_BW20MHz\Prueba_Siemens2\Test 6,iWLAN_24GHz_CamAne_SN_BW20MHz,iPCF2_OFF_iWLAN,C:\Users\rarriaga\Documents\ipcf_2 analisis\ALL_SN_RESULTS_FINAL\per_configuration\iWLAN_24GHz_CamAne_SN_BW20MHz
iWLAN,24GHz,CamAne,SN,20,6,iperf_udp,2025-11-25 16:00:11.000,2025-11-25 16:03:11.000,180.0,60.0,120.0,controlled_udp_offered_rate,60.0,120.0,60.0,120.0,iperf3_udp_sender,OK_UDP_FFMPEG_MATCH,Reference load taken from rate-controlled UDP sender summary (60 Mbps/STA). ffmpeg target=60 Mbps/STA; difference=0.000% <= tolerance 2.000%. TCP is retained as achieved throughput and is not required to match the reference load.,0.0,18.9,18.9,31.499999999999996,31.499999999999996,60.0,51.4,0.229,14.0,60.0,60.0,120.0,18.9,18.9,60.0,51.4,D:\iWLAN_24GHz_CamAne_SN_BW20MHz\Prueba_Siemens2\Test 6,iWLAN_24GHz_CamAne_SN_BW20MHz,iPCF2_OFF_iWLAN,C:\Users\rarriaga\Documents\ipcf_2 analisis\ALL_SN_RESULTS_FINAL\per_configuration\iWLAN_24GHz_CamAne_SN_BW20MHz
iWLAN,24GHz,CamAne,SN,40,1,ffmpeg_udp,2025-11-25 16:58:13.000,2025-11-25 17:01:13.000,180.0,20.0,40.0,ffmpeg_sdp_target_rate,20.0,40.0,20.0,40.0,iperf3_udp_sender,OK_UDP_FFMPEG_MATCH,Reference load taken from rate-controlled UDP sender summary (20 Mbps/STA). ffmpeg target=20 Mbps/STA; difference=0.000% <= tolerance 2.000%. TCP is retained as achieved throughput and is not required to match the reference load.,0.0,20.0,20.0,100.0,100.0,20.0,20.0,0.246,0.0,20.0,20.0,40.0,20.0,20.0,20.0,20.0,D:\iWLAN_24GHz_CamAne_SN_BW40MHz\Prueba_Siemens2\Test 1,iWLAN_24GHz_CamAne_SN_BW40MHz,iPCF2_OFF_iWLAN,C:\Users\rarriaga\Documents\ipcf_2 analisis\ALL_SN_RESULTS_FINAL\per_configuration\iWLAN_24GHz_CamAne_SN_BW40MHz
iWLAN,24GHz,CamAne,SN,40,1,idle,2025-11-25 16:49:14.000,2025-11-25 16:52:13.000,179.0,,,,,,20.0,40.0,iperf3_udp_sender,OK_UDP_FFMPEG_MATCH,Reference load taken from rate-controlled UDP sender summary (20 Mbps/STA). ffmpeg target=20 Mbps/STA; difference=0.000% <= tolerance 2.000%. TCP is retained as achieved throughput and is not required to match the reference load.,0.0,20.0,20.0,100.0,100.0,20.0,20.0,0.246,0.0,20.0,20.0,40.0,20.0,20.0,20.0,20.0,D:\iWLAN_24GHz_CamAne_SN_BW40MHz\Prueba_Siemens2\Test 1,iWLAN_24GHz_CamAne_SN_BW40MHz,iPCF2_OFF_iWLAN,C:\Users\rarriaga\Documents\ipcf_2 analisis\ALL_SN_RESULTS_FINAL\per_configuration\iWLAN_24GHz_CamAne_SN_BW40MHz
iWLAN,24GHz,CamAne,SN,40,1,iperf_tcp,2025-11-25 16:52:13.000,2025-11-25 16:55:13.000,180.0,20.0,40.0,achieved_tcp_sender_throughput,20.0,40.0,20.0,40.0,iperf3_udp_sender,OK_UDP_FFMPEG_MATCH,Reference load taken from rate-controlled UDP sender summary (20 Mbps/STA). ffmpeg target=20 Mbps/STA; difference=0.000% <= tolerance 2.000%. TCP is retained as achieved throughput and is not required to match the reference load.,0.0,20.0,20.0,100.0,100.0,20.0,20.0,0.246,0.0,20.0,20.0,40.0,20.0,20.0,20.0,20.0,D:\iWLAN_24GHz_CamAne_SN_BW40MHz\Prueba_Siemens2\Test 1,iWLAN_24GHz_CamAne_SN_BW40MHz,iPCF2_OFF_iWLAN,C:\Users\rarriaga\Documents\ipcf_2 analisis\ALL_SN_RESULTS_FINAL\per_configuration\iWLAN_24GHz_CamAne_SN_BW40MHz
iWLAN,24GHz,CamAne,SN,40,1,iperf_udp,2025-11-25 16:55:13.000,2025-11-25 16:58:13.000,180.0,20.0,40.0,controlled_udp_offered_rate,20.0,40.0,20.0,40.0,iperf3_udp_sender,OK_UDP_FFMPEG_MATCH,Reference load taken from rate-controlled UDP sender summary (20 Mbps/STA). ffmpeg target=20 Mbps/STA; difference=0.000% <= tolerance 2.000%. TCP is retained as achieved throughput and is not required to match the reference load.,0.0,20.0,20.0,100.0,100.0,20.0,20.0,0.246,0.0,20.0,20.0,40.0,20.0,20.0,20.0,20.0,D:\iWLAN_24GHz_CamAne_SN_BW40MHz\Prueba_Siemens2\Test 1,iWLAN_24GHz_CamAne_SN_BW40MHz,iPCF2_OFF_iWLAN,C:\Users\rarriaga\Documents\ipcf_2 analisis\ALL_SN_RESULTS_FINAL\per_configuration\iWLAN_24GHz_CamAne_SN_BW40MHz
iWLAN,24GHz,CamAne,SN,40,2,ffmpeg_udp,2025-11-25 18:34:06.000,2025-11-25 18:37:06.000,180.0,40.0,80.0,ffmpeg_sdp_target_rate,40.0,80.0,40.0,80.0,iperf3_udp_sender,OK_UDP_FFMPEG_MATCH,Reference load taken from rate-controlled UDP sender summary (40 Mbps/STA). ffmpeg target=40 Mbps/STA; difference=0.000% <= tolerance 2.000%. TCP is retained as achieved throughput and is not required to match the reference load.,0.0,40.0,40.0,100.0,100.0,40.0,40.0,0.35,0.0,40.0,40.0,80.0,40.0,40.0,40.0,40.0,D:\iWLAN_24GHz_CamAne_SN_BW40MHz\Prueba_Siemens2\Test 2,iWLAN_24GHz_CamAne_SN_BW40MHz,iPCF2_OFF_iWLAN,C:\Users\rarriaga\Documents\ipcf_2 analisis\ALL_SN_RESULTS_FINAL\per_configuration\iWLAN_24GHz_CamAne_SN_BW40MHz
iWLAN,24GHz,CamAne,SN,40,2,idle,2025-11-25 18:27:57.000,2025-11-25 18:28:06.000,9.0,,,,,,40.0,80.0,iperf3_udp_sender,OK_UDP_FFMPEG_MATCH,Reference load taken from rate-controlled UDP sender summary (40 Mbps/STA). ffmpeg target=40 Mbps/STA; difference=0.000% <= tolerance 2.000%. TCP is retained as achieved throughput and is not required to match the reference load.,0.0,40.0,40.0,100.0,100.0,40.0,40.0,0.35,0.0,40.0,40.0,80.0,40.0,40.0,40.0,40.0,D:\iWLAN_24GHz_CamAne_SN_BW40MHz\Prueba_Siemens2\Test 2,iWLAN_24GHz_CamAne_SN_BW40MHz,iPCF2_OFF_iWLAN,C:\Users\rarriaga\Documents\ipcf_2 analisis\ALL_SN_RESULTS_FINAL\per_configuration\iWLAN_24GHz_CamAne_SN_BW40MHz
iWLAN,24GHz,CamAne,SN,40,2,iperf_tcp,2025-11-25 18:28:06.000,2025-11-25 18:31:06.000,180.0,40.0,80.0,achieved_tcp_sender_throughput,40.0,80.0,40.0,80.0,iperf3_udp_sender,OK_UDP_FFMPEG_MATCH,Reference load taken from rate-controlled UDP sender summary (40 Mbps/STA). ffmpeg target=40 Mbps/STA; difference=0.000% <= tolerance 2.000%. TCP is retained as achieved throughput and is not required to match the reference load.,0.0,40.0,40.0,100.0,100.0,40.0,40.0,0.35,0.0,40.0,40.0,80.0,40.0,40.0,40.0,40.0,D:\iWLAN_24GHz_CamAne_SN_BW40MHz\Prueba_Siemens2\Test 2,iWLAN_24GHz_CamAne_SN_BW40MHz,iPCF2_OFF_iWLAN,C:\Users\rarriaga\Documents\ipcf_2 analisis\ALL_SN_RESULTS_FINAL\per_configuration\iWLAN_24GHz_CamAne_SN_BW40MHz
iWLAN,24GHz,CamAne,SN,40,2,iperf_udp,2025-11-25 18:31:06.000,2025-11-25 18:34:06.000,180.0,40.0,80.0,controlled_udp_offered_rate,40.0,80.0,40.0,80.0,iperf3_udp_sender,OK_UDP_FFMPEG_MATCH,Reference load taken from rate-controlled UDP sender summary (40 Mbps/STA). ffmpeg target=40 Mbps/STA; difference=0.000% <= tolerance 2.000%. TCP is retained as achieved throughput and is not required to match the reference load.,0.0,40.0,40.0,100.0,100.0,40.0,40.0,0.35,0.0,40.0,40.0,80.0,40.0,40.0,40.0,40.0,D:\iWLAN_24GHz_CamAne_SN_BW40MHz\Prueba_Siemens2\Test 2,iWLAN_24GHz_CamAne_SN_BW40MHz,iPCF2_OFF_iWLAN,C:\Users\rarriaga\Documents\ipcf_2 analisis\ALL_SN_RESULTS_FINAL\per_configuration\iWLAN_24GHz_CamAne_SN_BW40MHz
iWLAN,24GHz,CamAne,SN,40,3,ffmpeg_udp,2025-11-25 18:44:47.000,2025-11-25 18:47:47.000,180.0,60.0,120.0,ffmpeg_sdp_target_rate,60.0,120.0,60.0,120.0,iperf3_udp_sender,OK_UDP_FFMPEG_MATCH,Reference load taken from rate-controlled UDP sender summary (60 Mbps/STA). ffmpeg target=60 Mbps/STA; difference=0.000% <= tolerance 2.000%. TCP is retained as achieved throughput and is not required to match the reference load.,0.0,60.0,60.0,100.0,100.0,60.0,60.0,0.264,0.0,60.0,60.0,120.0,60.0,60.0,60.0,60.0,D:\iWLAN_24GHz_CamAne_SN_BW40MHz\Prueba_Siemens2\Test 3,iWLAN_24GHz_CamAne_SN_BW40MHz,iPCF2_OFF_iWLAN,C:\Users\rarriaga\Documents\ipcf_2 analisis\ALL_SN_RESULTS_FINAL\per_configuration\iWLAN_24GHz_CamAne_SN_BW40MHz
iWLAN,24GHz,CamAne,SN,40,3,idle,2025-11-25 18:38:38.000,2025-11-25 18:38:47.000,9.0,,,,,,60.0,120.0,iperf3_udp_sender,OK_UDP_FFMPEG_MATCH,Reference load taken from rate-controlled UDP sender summary (60 Mbps/STA). ffmpeg target=60 Mbps/STA; difference=0.000% <= tolerance 2.000%. TCP is retained as achieved throughput and is not required to match the reference load.,0.0,60.0,60.0,100.0,100.0,60.0,60.0,0.264,0.0,60.0,60.0,120.0,60.0,60.0,60.0,60.0,D:\iWLAN_24GHz_CamAne_SN_BW40MHz\Prueba_Siemens2\Test 3,iWLAN_24GHz_CamAne_SN_BW40MHz,iPCF2_OFF_iWLAN,C:\Users\rarriaga\Documents\ipcf_2 analisis\ALL_SN_RESULTS_FINAL\per_configuration\iWLAN_24GHz_CamAne_SN_BW40MHz
iWLAN,24GHz,CamAne,SN,40,3,iperf_tcp,2025-11-25 18:38:47.000,2025-11-25 18:41:47.000,180.0,60.0,120.0,achieved_tcp_sender_throughput,60.0,120.0,60.0,120.0,iperf3_udp_sender,OK_UDP_FFMPEG_MATCH,Reference load taken from rate-controlled UDP sender summary (60 Mbps/STA). ffmpeg target=60 Mbps/STA; difference=0.000% <= tolerance 2.000%. TCP is retained as achieved throughput and is not required to match the reference load.,0.0,60.0,60.0,100.0,100.0,60.0,60.0,0.264,0.0,60.0,60.0,120.0,60.0,60.0,60.0,60.0,D:\iWLAN_24GHz_CamAne_SN_BW40MHz\Prueba_Siemens2\Test 3,iWLAN_24GHz_CamAne_SN_BW40MHz,iPCF2_OFF_iWLAN,C:\Users\rarriaga\Documents\ipcf_2 analisis\ALL_SN_RESULTS_FINAL\per_configuration\iWLAN_24GHz_CamAne_SN_BW40MHz
iWLAN,24GHz,CamAne,SN,40,3,iperf_udp,2025-11-25 18:41:47.000,2025-11-25 18:44:47.000,180.0,60.0,120.0,controlled_udp_offered_rate,60.0,120.0,60.0,120.0,iperf3_udp_sender,OK_UDP_FFMPEG_MATCH,Reference load taken from rate-controlled UDP sender summary (60 Mbps/STA). ffmpeg target=60 Mbps/STA; difference=0.000% <= tolerance 2.000%. TCP is retained as achieved throughput and is not required to match the reference load.,0.0,60.0,60.0,100.0,100.0,60.0,60.0,0.264,0.0,60.0,60.0,120.0,60.0,60.0,60.0,60.0,D:\iWLAN_24GHz_CamAne_SN_BW40MHz\Prueba_Siemens2\Test 3,iWLAN_24GHz_CamAne_SN_BW40MHz,iPCF2_OFF_iWLAN,C:\Users\rarriaga\Documents\ipcf_2 analisis\ALL_SN_RESULTS_FINAL\per_configuration\iWLAN_24GHz_CamAne_SN_BW40MHz
iWLAN,24GHz,CamAne,SN,40,4,ffmpeg_udp,2025-11-25 18:56:20.000,2025-11-25 18:59:20.000,180.0,80.0,160.0,ffmpeg_sdp_target_rate,80.0,160.0,80.0,160.0,iperf3_udp_sender,OK_UDP_FFMPEG_MATCH,Reference load taken from rate-controlled UDP sender summary (80 Mbps/STA). ffmpeg target=80 Mbps/STA; difference=0.000% <= tolerance 2.000%. TCP is retained as achieved throughput and is not required to match the reference load.,0.0,80.0,80.0,100.0,100.0,80.0,80.0,0.229,0.0,80.0,80.0,160.0,80.0,80.0,80.0,80.0,D:\iWLAN_24GHz_CamAne_SN_BW40MHz\Prueba_Siemens2\Test 4,iWLAN_24GHz_CamAne_SN_BW40MHz,iPCF2_OFF_iWLAN,C:\Users\rarriaga\Documents\ipcf_2 analisis\ALL_SN_RESULTS_FINAL\per_configuration\iWLAN_24GHz_CamAne_SN_BW40MHz
iWLAN,24GHz,CamAne,SN,40,4,idle,2025-11-25 18:50:10.000,2025-11-25 18:50:19.000,9.0,,,,,,80.0,160.0,iperf3_udp_sender,OK_UDP_FFMPEG_MATCH,Reference load taken from rate-controlled UDP sender summary (80 Mbps/STA). ffmpeg target=80 Mbps/STA; difference=0.000% <= tolerance 2.000%. TCP is retained as achieved throughput and is not required to match the reference load.,0.0,80.0,80.0,100.0,100.0,80.0,80.0,0.229,0.0,80.0,80.0,160.0,80.0,80.0,80.0,80.0,D:\iWLAN_24GHz_CamAne_SN_BW40MHz\Prueba_Siemens2\Test 4,iWLAN_24GHz_CamAne_SN_BW40MHz,iPCF2_OFF_iWLAN,C:\Users\rarriaga\Documents\ipcf_2 analisis\ALL_SN_RESULTS_FINAL\per_configuration\iWLAN_24GHz_CamAne_SN_BW40MHz
iWLAN,24GHz,CamAne,SN,40,4,iperf_tcp,2025-11-25 18:50:19.000,2025-11-25 18:53:19.000,180.0,80.0,160.0,achieved_tcp_sender_throughput,80.0,160.0,80.0,160.0,iperf3_udp_sender,OK_UDP_FFMPEG_MATCH,Reference load taken from rate-controlled UDP sender summary (80 Mbps/STA). ffmpeg target=80 Mbps/STA; difference=0.000% <= tolerance 2.000%. TCP is retained as achieved throughput and is not required to match the reference load.,0.0,80.0,80.0,100.0,100.0,80.0,80.0,0.229,0.0,80.0,80.0,160.0,80.0,80.0,80.0,80.0,D:\iWLAN_24GHz_CamAne_SN_BW40MHz\Prueba_Siemens2\Test 4,iWLAN_24GHz_CamAne_SN_BW40MHz,iPCF2_OFF_iWLAN,C:\Users\rarriaga\Documents\ipcf_2 analisis\ALL_SN_RESULTS_FINAL\per_configuration\iWLAN_24GHz_CamAne_SN_BW40MHz
iWLAN,24GHz,CamAne,SN,40,4,iperf_udp,2025-11-25 18:53:19.000,2025-11-25 18:56:19.000,180.0,80.0,160.0,controlled_udp_offered_rate,80.0,160.0,80.0,160.0,iperf3_udp_sender,OK_UDP_FFMPEG_MATCH,Reference load taken from rate-controlled UDP sender summary (80 Mbps/STA). ffmpeg target=80 Mbps/STA; difference=0.000% <= tolerance 2.000%. TCP is retained as achieved throughput and is not required to match the reference load.,0.0,80.0,80.0,100.0,100.0,80.0,80.0,0.229,0.0,80.0,80.0,160.0,80.0,80.0,80.0,80.0,D:\iWLAN_24GHz_CamAne_SN_BW40MHz\Prueba_Siemens2\Test 4,iWLAN_24GHz_CamAne_SN_BW40MHz,iPCF2_OFF_iWLAN,C:\Users\rarriaga\Documents\ipcf_2 analisis\ALL_SN_RESULTS_FINAL\per_configuration\iWLAN_24GHz_CamAne_SN_BW40MHz
iWLAN,24GHz,CamAne,SN,40,5,ffmpeg_udp,2025-11-25 10:08:57.000,2025-11-25 10:11:57.000,180.0,100.0,200.0,ffmpeg_sdp_target_rate,100.0,200.0,100.0,200.0,iperf3_udp_sender,OK_UDP_FFMPEG_MATCH,Reference load taken from rate-controlled UDP sender summary (100 Mbps/STA). ffmpeg target=100 Mbps/STA; difference=0.000% <= tolerance 2.000%. TCP is retained as achieved throughput and is not required to match the reference load.,0.0,100.0,100.0,100.0,100.0,100.0,100.0,0.152,0.0,100.0,100.0,200.0,100.0,100.0,100.0,100.0,D:\iWLAN_24GHz_CamAne_SN_BW40MHz\Prueba_Siemens2\Test 5,iWLAN_24GHz_CamAne_SN_BW40MHz,iPCF2_OFF_iWLAN,C:\Users\rarriaga\Documents\ipcf_2 analisis\ALL_SN_RESULTS_FINAL\per_configuration\iWLAN_24GHz_CamAne_SN_BW40MHz
iWLAN,24GHz,CamAne,SN,40,5,idle,2025-11-25 10:02:48.000,2025-11-25 10:02:57.000,9.0,,,,,,100.0,200.0,iperf3_udp_sender,OK_UDP_FFMPEG_MATCH,Reference load taken from rate-controlled UDP sender summary (100 Mbps/STA). ffmpeg target=100 Mbps/STA; difference=0.000% <= tolerance 2.000%. TCP is retained as achieved throughput and is not required to match the reference load.,0.0,100.0,100.0,100.0,100.0,100.0,100.0,0.152,0.0,100.0,100.0,200.0,100.0,100.0,100.0,100.0,D:\iWLAN_24GHz_CamAne_SN_BW40MHz\Prueba_Siemens2\Test 5,iWLAN_24GHz_CamAne_SN_BW40MHz,iPCF2_OFF_iWLAN,C:\Users\rarriaga\Documents\ipcf_2 analisis\ALL_SN_RESULTS_FINAL\per_configuration\iWLAN_24GHz_CamAne_SN_BW40MHz
iWLAN,24GHz,CamAne,SN,40,5,iperf_tcp,2025-11-25 10:02:57.000,2025-11-25 10:05:57.000,180.0,100.0,200.0,achieved_tcp_sender_throughput,100.0,200.0,100.0,200.0,iperf3_udp_sender,OK_UDP_FFMPEG_MATCH,Reference load taken from rate-controlled UDP sender summary (100 Mbps/STA). ffmpeg target=100 Mbps/STA; difference=0.000% <= tolerance 2.000%. TCP is retained as achieved throughput and is not required to match the reference load.,0.0,100.0,100.0,100.0,100.0,100.0,100.0,0.152,0.0,100.0,100.0,200.0,100.0,100.0,100.0,100.0,D:\iWLAN_24GHz_CamAne_SN_BW40MHz\Prueba_Siemens2\Test 5,iWLAN_24GHz_CamAne_SN_BW40MHz,iPCF2_OFF_iWLAN,C:\Users\rarriaga\Documents\ipcf_2 analisis\ALL_SN_RESULTS_FINAL\per_configuration\iWLAN_24GHz_CamAne_SN_BW40MHz
iWLAN,24GHz,CamAne,SN,40,5,iperf_udp,2025-11-25 10:05:57.000,2025-11-25 10:08:57.000,180.0,100.0,200.0,controlled_udp_offered_rate,100.0,200.0,100.0,200.0,iperf3_udp_sender,OK_UDP_FFMPEG_MATCH,Reference load taken from rate-controlled UDP sender summary (100 Mbps/STA). ffmpeg target=100 Mbps/STA; difference=0.000% <= tolerance 2.000%. TCP is retained as achieved throughput and is not required to match the reference load.,0.0,100.0,100.0,100.0,100.0,100.0,100.0,0.152,0.0,100.0,100.0,200.0,100.0,100.0,100.0,100.0,D:\iWLAN_24GHz_CamAne_SN_BW40MHz\Prueba_Siemens2\Test 5,iWLAN_24GHz_CamAne_SN_BW40MHz,iPCF2_OFF_iWLAN,C:\Users\rarriaga\Documents\ipcf_2 analisis\ALL_SN_RESULTS_FINAL\per_configuration\iWLAN_24GHz_CamAne_SN_BW40MHz
iWLAN,24GHz,CamAne,SN,40,6,ffmpeg_udp,2025-11-25 10:45:57.000,2025-11-25 10:48:57.000,180.0,120.0,240.0,ffmpeg_sdp_target_rate,120.0,240.0,120.0,240.0,iperf3_udp_sender,OK_UDP_FFMPEG_MATCH,Reference load taken from rate-controlled UDP sender summary (120 Mbps/STA). ffmpeg target=120 Mbps/STA; difference=0.000% <= tolerance 2.000%. TCP is retained as achieved throughput and is not required to match the reference load.,0.0,85.8,85.7,71.5,71.41666666666667,120.0,102.0,0.101,14.0,120.0,120.0,240.0,85.8,85.7,120.0,102.0,D:\iWLAN_24GHz_CamAne_SN_BW40MHz\Prueba_Siemens2\Test 6,iWLAN_24GHz_CamAne_SN_BW40MHz,iPCF2_OFF_iWLAN,C:\Users\rarriaga\Documents\ipcf_2 analisis\ALL_SN_RESULTS_FINAL\per_configuration\iWLAN_24GHz_CamAne_SN_BW40MHz
iWLAN,24GHz,CamAne,SN,40,6,idle,2025-11-25 10:39:48.000,2025-11-25 10:39:57.000,9.0,,,,,,120.0,240.0,iperf3_udp_sender,OK_UDP_FFMPEG_MATCH,Reference load taken from rate-controlled UDP sender summary (120 Mbps/STA). ffmpeg target=120 Mbps/STA; difference=0.000% <= tolerance 2.000%. TCP is retained as achieved throughput and is not required to match the reference load.,0.0,85.8,85.7,71.5,71.41666666666667,120.0,102.0,0.101,14.0,120.0,120.0,240.0,85.8,85.7,120.0,102.0,D:\iWLAN_24GHz_CamAne_SN_BW40MHz\Prueba_Siemens2\Test 6,iWLAN_24GHz_CamAne_SN_BW40MHz,iPCF2_OFF_iWLAN,C:\Users\rarriaga\Documents\ipcf_2 analisis\ALL_SN_RESULTS_FINAL\per_configuration\iWLAN_24GHz_CamAne_SN_BW40MHz
iWLAN,24GHz,CamAne,SN,40,6,iperf_tcp,2025-11-25 10:39:57.000,2025-11-25 10:42:57.000,180.0,85.8,171.6,achieved_tcp_sender_throughput,85.8,171.6,120.0,240.0,iperf3_udp_sender,OK_UDP_FFMPEG_MATCH,Reference load taken from rate-controlled UDP sender summary (120 Mbps/STA). ffmpeg target=120 Mbps/STA; difference=0.000% <= tolerance 2.000%. TCP is retained as achieved throughput and is not required to match the reference load.,0.0,85.8,85.7,71.5,71.41666666666667,120.0,102.0,0.101,14.0,120.0,120.0,240.0,85.8,85.7,120.0,102.0,D:\iWLAN_24GHz_CamAne_SN_BW40MHz\Prueba_Siemens2\Test 6,iWLAN_24GHz_CamAne_SN_BW40MHz,iPCF2_OFF_iWLAN,C:\Users\rarriaga\Documents\ipcf_2 analisis\ALL_SN_RESULTS_FINAL\per_configuration\iWLAN_24GHz_CamAne_SN_BW40MHz
iWLAN,24GHz,CamAne,SN,40,6,iperf_udp,2025-11-25 10:42:57.000,2025-11-25 10:45:57.000,180.0,120.0,240.0,controlled_udp_offered_rate,120.0,240.0,120.0,240.0,iperf3_udp_sender,OK_UDP_FFMPEG_MATCH,Reference load taken from rate-controlled UDP sender summary (120 Mbps/STA). ffmpeg target=120 Mbps/STA; difference=0.000% <= tolerance 2.000%. TCP is retained as achieved throughput and is not required to match the reference load.,0.0,85.8,85.7,71.5,71.41666666666667,120.0,102.0,0.101,14.0,120.0,120.0,240.0,85.8,85.7,120.0,102.0,D:\iWLAN_24GHz_CamAne_SN_BW40MHz\Prueba_Siemens2\Test 6,iWLAN_24GHz_CamAne_SN_BW40MHz,iPCF2_OFF_iWLAN,C:\Users\rarriaga\Documents\ipcf_2 analisis\ALL_SN_RESULTS_FINAL\per_configuration\iWLAN_24GHz_CamAne_SN_BW40MHz
iWLAN,5GHz,CamAne,SN,20,1,ffmpeg_udp,2025-11-25 10:37:31.000,2025-11-25 10:40:31.000,180.0,5.0,10.0,ffmpeg_sdp_target_rate,5.0,10.0,5.0,10.0,iperf3_udp_sender,OK_UDP_FFMPEG_MATCH,Reference load taken from rate-controlled UDP sender summary (5 Mbps/STA). ffmpeg target=5 Mbps/STA; difference=0.000% <= tolerance 2.000%. TCP is retained as achieved throughput and is not required to match the reference load.,0.0,5.0,5.0,100.0,100.0,5.0,5.0,0.451,0.0,5.0,5.0,10.0,5.0,5.0,5.0,5.0,D:\iWLAN_5GHz_CamAne_SN_BW20MHz\Prueba_Siemens2\Test 1,iWLAN_5GHz_CamAne_SN_BW20MHz,iPCF2_OFF_iWLAN,C:\Users\rarriaga\Documents\ipcf_2 analisis\ALL_SN_RESULTS_FINAL\per_configuration\iWLAN_5GHz_CamAne_SN_BW20MHz
iWLAN,5GHz,CamAne,SN,20,1,idle,2025-11-25 10:28:32.000,2025-11-25 10:31:31.000,179.0,,,,,,5.0,10.0,iperf3_udp_sender,OK_UDP_FFMPEG_MATCH,Reference load taken from rate-controlled UDP sender summary (5 Mbps/STA). ffmpeg target=5 Mbps/STA; difference=0.000% <= tolerance 2.000%. TCP is retained as achieved throughput and is not required to match the reference load.,0.0,5.0,5.0,100.0,100.0,5.0,5.0,0.451,0.0,5.0,5.0,10.0,5.0,5.0,5.0,5.0,D:\iWLAN_5GHz_CamAne_SN_BW20MHz\Prueba_Siemens2\Test 1,iWLAN_5GHz_CamAne_SN_BW20MHz,iPCF2_OFF_iWLAN,C:\Users\rarriaga\Documents\ipcf_2 analisis\ALL_SN_RESULTS_FINAL\per_configuration\iWLAN_5GHz_CamAne_SN_BW20MHz
iWLAN,5GHz,CamAne,SN,20,1,iperf_tcp,2025-11-25 10:31:31.000,2025-11-25 10:34:31.000,180.0,5.0,10.0,achieved_tcp_sender_throughput,5.0,10.0,5.0,10.0,iperf3_udp_sender,OK_UDP_FFMPEG_MATCH,Reference load taken from rate-controlled UDP sender summary (5 Mbps/STA). ffmpeg target=5 Mbps/STA; difference=0.000% <= tolerance 2.000%. TCP is retained as achieved throughput and is not required to match the reference load.,0.0,5.0,5.0,100.0,100.0,5.0,5.0,0.451,0.0,5.0,5.0,10.0,5.0,5.0,5.0,5.0,D:\iWLAN_5GHz_CamAne_SN_BW20MHz\Prueba_Siemens2\Test 1,iWLAN_5GHz_CamAne_SN_BW20MHz,iPCF2_OFF_iWLAN,C:\Users\rarriaga\Documents\ipcf_2 analisis\ALL_SN_RESULTS_FINAL\per_configuration\iWLAN_5GHz_CamAne_SN_BW20MHz
iWLAN,5GHz,CamAne,SN,20,1,iperf_udp,2025-11-25 10:34:31.000,2025-11-25 10:37:31.000,180.0,5.0,10.0,controlled_udp_offered_rate,5.0,10.0,5.0,10.0,iperf3_udp_sender,OK_UDP_FFMPEG_MATCH,Reference load taken from rate-controlled UDP sender summary (5 Mbps/STA). ffmpeg target=5 Mbps/STA; difference=0.000% <= tolerance 2.000%. TCP is retained as achieved throughput and is not required to match the reference load.,0.0,5.0,5.0,100.0,100.0,5.0,5.0,0.451,0.0,5.0,5.0,10.0,5.0,5.0,5.0,5.0,D:\iWLAN_5GHz_CamAne_SN_BW20MHz\Prueba_Siemens2\Test 1,iWLAN_5GHz_CamAne_SN_BW20MHz,iPCF2_OFF_iWLAN,C:\Users\rarriaga\Documents\ipcf_2 analisis\ALL_SN_RESULTS_FINAL\per_configuration\iWLAN_5GHz_CamAne_SN_BW20MHz
iWLAN,5GHz,CamAne,SN,20,2,ffmpeg_udp,2025-11-25 10:55:30.000,2025-11-25 10:58:30.000,180.0,10.0,20.0,ffmpeg_sdp_target_rate,10.0,20.0,10.0,20.0,iperf3_udp_sender,OK_UDP_FFMPEG_MATCH,Reference load taken from rate-controlled UDP sender summary (10 Mbps/STA). ffmpeg target=10 Mbps/STA; difference=0.000% <= tolerance 2.000%. TCP is retained as achieved throughput and is not required to match the reference load.,0.0,10.0,10.0,100.0,100.0,10.0,10.0,0.232,0.0,10.0,10.0,20.0,10.0,10.0,10.0,10.0,D:\iWLAN_5GHz_CamAne_SN_BW20MHz\Prueba_Siemens2\Test 2,iWLAN_5GHz_CamAne_SN_BW20MHz,iPCF2_OFF_iWLAN,C:\Users\rarriaga\Documents\ipcf_2 analisis\ALL_SN_RESULTS_FINAL\per_configuration\iWLAN_5GHz_CamAne_SN_BW20MHz
iWLAN,5GHz,CamAne,SN,20,2,idle,2025-11-25 10:49:21.000,2025-11-25 10:49:30.000,9.0,,,,,,10.0,20.0,iperf3_udp_sender,OK_UDP_FFMPEG_MATCH,Reference load taken from rate-controlled UDP sender summary (10 Mbps/STA). ffmpeg target=10 Mbps/STA; difference=0.000% <= tolerance 2.000%. TCP is retained as achieved throughput and is not required to match the reference load.,0.0,10.0,10.0,100.0,100.0,10.0,10.0,0.232,0.0,10.0,10.0,20.0,10.0,10.0,10.0,10.0,D:\iWLAN_5GHz_CamAne_SN_BW20MHz\Prueba_Siemens2\Test 2,iWLAN_5GHz_CamAne_SN_BW20MHz,iPCF2_OFF_iWLAN,C:\Users\rarriaga\Documents\ipcf_2 analisis\ALL_SN_RESULTS_FINAL\per_configuration\iWLAN_5GHz_CamAne_SN_BW20MHz
iWLAN,5GHz,CamAne,SN,20,2,iperf_tcp,2025-11-25 10:49:30.000,2025-11-25 10:52:30.000,180.0,10.0,20.0,achieved_tcp_sender_throughput,10.0,20.0,10.0,20.0,iperf3_udp_sender,OK_UDP_FFMPEG_MATCH,Reference load taken from rate-controlled UDP sender summary (10 Mbps/STA). ffmpeg target=10 Mbps/STA; difference=0.000% <= tolerance 2.000%. TCP is retained as achieved throughput and is not required to match the reference load.,0.0,10.0,10.0,100.0,100.0,10.0,10.0,0.232,0.0,10.0,10.0,20.0,10.0,10.0,10.0,10.0,D:\iWLAN_5GHz_CamAne_SN_BW20MHz\Prueba_Siemens2\Test 2,iWLAN_5GHz_CamAne_SN_BW20MHz,iPCF2_OFF_iWLAN,C:\Users\rarriaga\Documents\ipcf_2 analisis\ALL_SN_RESULTS_FINAL\per_configuration\iWLAN_5GHz_CamAne_SN_BW20MHz
iWLAN,5GHz,CamAne,SN,20,2,iperf_udp,2025-11-25 10:52:30.000,2025-11-25 10:55:30.000,180.0,10.0,20.0,controlled_udp_offered_rate,10.0,20.0,10.0,20.0,iperf3_udp_sender,OK_UDP_FFMPEG_MATCH,Reference load taken from rate-controlled UDP sender summary (10 Mbps/STA). ffmpeg target=10 Mbps/STA; difference=0.000% <= tolerance 2.000%. TCP is retained as achieved throughput and is not required to match the reference load.,0.0,10.0,10.0,100.0,100.0,10.0,10.0,0.232,0.0,10.0,10.0,20.0,10.0,10.0,10.0,10.0,D:\iWLAN_5GHz_CamAne_SN_BW20MHz\Prueba_Siemens2\Test 2,iWLAN_5GHz_CamAne_SN_BW20MHz,iPCF2_OFF_iWLAN,C:\Users\rarriaga\Documents\ipcf_2 analisis\ALL_SN_RESULTS_FINAL\per_configuration\iWLAN_5GHz_CamAne_SN_BW20MHz
iWLAN,5GHz,CamAne,SN,20,3,ffmpeg_udp,2025-11-25 11:06:19.000,2025-11-25 11:09:19.000,180.0,15.0,30.0,ffmpeg_sdp_target_rate,15.0,30.0,15.0,30.0,iperf3_udp_sender,OK_UDP_FFMPEG_MATCH,Reference load taken from rate-controlled UDP sender summary (15 Mbps/STA). ffmpeg target=15 Mbps/STA; difference=0.000% <= tolerance 2.000%. TCP is retained as achieved throughput and is not required to match the reference load.,0.0,15.0,15.0,100.0,100.0,15.0,15.0,0.366,0.0,15.0,15.0,30.0,15.0,15.0,15.0,15.0,D:\iWLAN_5GHz_CamAne_SN_BW20MHz\Prueba_Siemens2\Test 3,iWLAN_5GHz_CamAne_SN_BW20MHz,iPCF2_OFF_iWLAN,C:\Users\rarriaga\Documents\ipcf_2 analisis\ALL_SN_RESULTS_FINAL\per_configuration\iWLAN_5GHz_CamAne_SN_BW20MHz
iWLAN,5GHz,CamAne,SN,20,3,idle,2025-11-25 11:00:09.000,2025-11-25 11:00:19.000,10.0,,,,,,15.0,30.0,iperf3_udp_sender,OK_UDP_FFMPEG_MATCH,Reference load taken from rate-controlled UDP sender summary (15 Mbps/STA). ffmpeg target=15 Mbps/STA; difference=0.000% <= tolerance 2.000%. TCP is retained as achieved throughput and is not required to match the reference load.,0.0,15.0,15.0,100.0,100.0,15.0,15.0,0.366,0.0,15.0,15.0,30.0,15.0,15.0,15.0,15.0,D:\iWLAN_5GHz_CamAne_SN_BW20MHz\Prueba_Siemens2\Test 3,iWLAN_5GHz_CamAne_SN_BW20MHz,iPCF2_OFF_iWLAN,C:\Users\rarriaga\Documents\ipcf_2 analisis\ALL_SN_RESULTS_FINAL\per_configuration\iWLAN_5GHz_CamAne_SN_BW20MHz
iWLAN,5GHz,CamAne,SN,20,3,iperf_tcp,2025-11-25 11:00:19.000,2025-11-25 11:03:19.000,180.0,15.0,30.0,achieved_tcp_sender_throughput,15.0,30.0,15.0,30.0,iperf3_udp_sender,OK_UDP_FFMPEG_MATCH,Reference load taken from rate-controlled UDP sender summary (15 Mbps/STA). ffmpeg target=15 Mbps/STA; difference=0.000% <= tolerance 2.000%. TCP is retained as achieved throughput and is not required to match the reference load.,0.0,15.0,15.0,100.0,100.0,15.0,15.0,0.366,0.0,15.0,15.0,30.0,15.0,15.0,15.0,15.0,D:\iWLAN_5GHz_CamAne_SN_BW20MHz\Prueba_Siemens2\Test 3,iWLAN_5GHz_CamAne_SN_BW20MHz,iPCF2_OFF_iWLAN,C:\Users\rarriaga\Documents\ipcf_2 analisis\ALL_SN_RESULTS_FINAL\per_configuration\iWLAN_5GHz_CamAne_SN_BW20MHz
iWLAN,5GHz,CamAne,SN,20,3,iperf_udp,2025-11-25 11:03:19.000,2025-11-25 11:06:19.000,180.0,15.0,30.0,controlled_udp_offered_rate,15.0,30.0,15.0,30.0,iperf3_udp_sender,OK_UDP_FFMPEG_MATCH,Reference load taken from rate-controlled UDP sender summary (15 Mbps/STA). ffmpeg target=15 Mbps/STA; difference=0.000% <= tolerance 2.000%. TCP is retained as achieved throughput and is not required to match the reference load.,0.0,15.0,15.0,100.0,100.0,15.0,15.0,0.366,0.0,15.0,15.0,30.0,15.0,15.0,15.0,15.0,D:\iWLAN_5GHz_CamAne_SN_BW20MHz\Prueba_Siemens2\Test 3,iWLAN_5GHz_CamAne_SN_BW20MHz,iPCF2_OFF_iWLAN,C:\Users\rarriaga\Documents\ipcf_2 analisis\ALL_SN_RESULTS_FINAL\per_configuration\iWLAN_5GHz_CamAne_SN_BW20MHz
iWLAN,5GHz,CamAne,SN,20,5,ffmpeg_udp,2025-11-25 11:28:46.000,2025-11-25 11:31:46.000,180.0,25.0,50.0,ffmpeg_sdp_target_rate,25.0,50.0,25.0,50.0,iperf3_udp_sender,OK_UDP_FFMPEG_MATCH,Reference load taken from rate-controlled UDP sender summary (25 Mbps/STA). ffmpeg target=25 Mbps/STA; difference=0.000% <= tolerance 2.000%. TCP is retained as achieved throughput and is not required to match the reference load.,0.0,25.0,25.0,100.0,100.0,25.0,25.0,0.497,0.0,25.0,25.0,50.0,25.0,25.0,25.0,25.0,D:\iWLAN_5GHz_CamAne_SN_BW20MHz\Prueba_Siemens2\Test 5,iWLAN_5GHz_CamAne_SN_BW20MHz,iPCF2_OFF_iWLAN,C:\Users\rarriaga\Documents\ipcf_2 analisis\ALL_SN_RESULTS_FINAL\per_configuration\iWLAN_5GHz_CamAne_SN_BW20MHz
iWLAN,5GHz,CamAne,SN,20,5,idle,2025-11-25 11:22:37.000,2025-11-25 11:22:46.000,9.0,,,,,,25.0,50.0,iperf3_udp_sender,OK_UDP_FFMPEG_MATCH,Reference load taken from rate-controlled UDP sender summary (25 Mbps/STA). ffmpeg target=25 Mbps/STA; difference=0.000% <= tolerance 2.000%. TCP is retained as achieved throughput and is not required to match the reference load.,0.0,25.0,25.0,100.0,100.0,25.0,25.0,0.497,0.0,25.0,25.0,50.0,25.0,25.0,25.0,25.0,D:\iWLAN_5GHz_CamAne_SN_BW20MHz\Prueba_Siemens2\Test 5,iWLAN_5GHz_CamAne_SN_BW20MHz,iPCF2_OFF_iWLAN,C:\Users\rarriaga\Documents\ipcf_2 analisis\ALL_SN_RESULTS_FINAL\per_configuration\iWLAN_5GHz_CamAne_SN_BW20MHz
iWLAN,5GHz,CamAne,SN,20,5,iperf_tcp,2025-11-25 11:22:46.000,2025-11-25 11:25:46.000,180.0,25.0,50.0,achieved_tcp_sender_throughput,25.0,50.0,25.0,50.0,iperf3_udp_sender,OK_UDP_FFMPEG_MATCH,Reference load taken from rate-controlled UDP sender summary (25 Mbps/STA). ffmpeg target=25 Mbps/STA; difference=0.000% <= tolerance 2.000%. TCP is retained as achieved throughput and is not required to match the reference load.,0.0,25.0,25.0,100.0,100.0,25.0,25.0,0.497,0.0,25.0,25.0,50.0,25.0,25.0,25.0,25.0,D:\iWLAN_5GHz_CamAne_SN_BW20MHz\Prueba_Siemens2\Test 5,iWLAN_5GHz_CamAne_SN_BW20MHz,iPCF2_OFF_iWLAN,C:\Users\rarriaga\Documents\ipcf_2 analisis\ALL_SN_RESULTS_FINAL\per_configuration\iWLAN_5GHz_CamAne_SN_BW20MHz
iWLAN,5GHz,CamAne,SN,20,5,iperf_udp,2025-11-25 11:25:46.000,2025-11-25 11:28:46.000,180.0,25.0,50.0,controlled_udp_offered_rate,25.0,50.0,25.0,50.0,iperf3_udp_sender,OK_UDP_FFMPEG_MATCH,Reference load taken from rate-controlled UDP sender summary (25 Mbps/STA). ffmpeg target=25 Mbps/STA; difference=0.000% <= tolerance 2.000%. TCP is retained as achieved throughput and is not required to match the reference load.,0.0,25.0,25.0,100.0,100.0,25.0,25.0,0.497,0.0,25.0,25.0,50.0,25.0,25.0,25.0,25.0,D:\iWLAN_5GHz_CamAne_SN_BW20MHz\Prueba_Siemens2\Test 5,iWLAN_5GHz_CamAne_SN_BW20MHz,iPCF2_OFF_iWLAN,C:\Users\rarriaga\Documents\ipcf_2 analisis\ALL_SN_RESULTS_FINAL\per_configuration\iWLAN_5GHz_CamAne_SN_BW20MHz
iWLAN,5GHz,CamAne,SN,20,6,ffmpeg_udp,2025-11-25 11:39:58.000,2025-11-25 11:42:58.000,180.0,30.0,60.0,ffmpeg_sdp_target_rate,30.0,60.0,30.0,60.0,iperf3_udp_sender,OK_UDP_FFMPEG_MATCH,Reference load taken from rate-controlled UDP sender summary (30 Mbps/STA). ffmpeg target=30 Mbps/STA; difference=0.000% <= tolerance 2.000%. TCP is retained as achieved throughput and is not required to match the reference load.,0.0,30.0,30.0,100.0,100.0,30.0,30.0,0.394,0.0,30.0,30.0,60.0,30.0,30.0,30.0,30.0,D:\iWLAN_5GHz_CamAne_SN_BW20MHz\Prueba_Siemens2\Test 6,iWLAN_5GHz_CamAne_SN_BW20MHz,iPCF2_OFF_iWLAN,C:\Users\rarriaga\Documents\ipcf_2 analisis\ALL_SN_RESULTS_FINAL\per_configuration\iWLAN_5GHz_CamAne_SN_BW20MHz
iWLAN,5GHz,CamAne,SN,20,6,idle,2025-11-25 11:33:49.000,2025-11-25 11:33:58.000,9.0,,,,,,30.0,60.0,iperf3_udp_sender,OK_UDP_FFMPEG_MATCH,Reference load taken from rate-controlled UDP sender summary (30 Mbps/STA). ffmpeg target=30 Mbps/STA; difference=0.000% <= tolerance 2.000%. TCP is retained as achieved throughput and is not required to match the reference load.,0.0,30.0,30.0,100.0,100.0,30.0,30.0,0.394,0.0,30.0,30.0,60.0,30.0,30.0,30.0,30.0,D:\iWLAN_5GHz_CamAne_SN_BW20MHz\Prueba_Siemens2\Test 6,iWLAN_5GHz_CamAne_SN_BW20MHz,iPCF2_OFF_iWLAN,C:\Users\rarriaga\Documents\ipcf_2 analisis\ALL_SN_RESULTS_FINAL\per_configuration\iWLAN_5GHz_CamAne_SN_BW20MHz
iWLAN,5GHz,CamAne,SN,20,6,iperf_tcp,2025-11-25 11:33:58.000,2025-11-25 11:36:58.000,180.0,30.0,60.0,achieved_tcp_sender_throughput,30.0,60.0,30.0,60.0,iperf3_udp_sender,OK_UDP_FFMPEG_MATCH,Reference load taken from rate-controlled UDP sender summary (30 Mbps/STA). ffmpeg target=30 Mbps/STA; difference=0.000% <= tolerance 2.000%. TCP is retained as achieved throughput and is not required to match the reference load.,0.0,30.0,30.0,100.0,100.0,30.0,30.0,0.394,0.0,30.0,30.0,60.0,30.0,30.0,30.0,30.0,D:\iWLAN_5GHz_CamAne_SN_BW20MHz\Prueba_Siemens2\Test 6,iWLAN_5GHz_CamAne_SN_BW20MHz,iPCF2_OFF_iWLAN,C:\Users\rarriaga\Documents\ipcf_2 analisis\ALL_SN_RESULTS_FINAL\per_configuration\iWLAN_5GHz_CamAne_SN_BW20MHz
iWLAN,5GHz,CamAne,SN,20,6,iperf_udp,2025-11-25 11:36:58.000,2025-11-25 11:39:58.000,180.0,30.0,60.0,controlled_udp_offered_rate,30.0,60.0,30.0,60.0,iperf3_udp_sender,OK_UDP_FFMPEG_MATCH,Reference load taken from rate-controlled UDP sender summary (30 Mbps/STA). ffmpeg target=30 Mbps/STA; difference=0.000% <= tolerance 2.000%. TCP is retained as achieved throughput and is not required to match the reference load.,0.0,30.0,30.0,100.0,100.0,30.0,30.0,0.394,0.0,30.0,30.0,60.0,30.0,30.0,30.0,30.0,D:\iWLAN_5GHz_CamAne_SN_BW20MHz\Prueba_Siemens2\Test 6,iWLAN_5GHz_CamAne_SN_BW20MHz,iPCF2_OFF_iWLAN,C:\Users\rarriaga\Documents\ipcf_2 analisis\ALL_SN_RESULTS_FINAL\per_configuration\iWLAN_5GHz_CamAne_SN_BW20MHz
iWLAN,5GHz,CamAne,SN,20,7,ffmpeg_udp,2025-11-25 11:56:50.000,2025-11-25 11:59:50.000,180.0,35.0,70.0,ffmpeg_sdp_target_rate,35.0,70.0,35.0,70.0,iperf3_udp_sender,OK_UDP_FFMPEG_MATCH,Reference load taken from rate-controlled UDP sender summary (35 Mbps/STA). ffmpeg target=35 Mbps/STA; difference=0.000% <= tolerance 2.000%. TCP is retained as achieved throughput and is not required to match the reference load.,0.0,35.0,35.0,100.0,100.0,35.0,35.0,0.471,0.0,35.0,35.0,70.0,35.0,35.0,35.0,35.0,D:\iWLAN_5GHz_CamAne_SN_BW20MHz\Prueba_Siemens2\Test 7,iWLAN_5GHz_CamAne_SN_BW20MHz,iPCF2_OFF_iWLAN,C:\Users\rarriaga\Documents\ipcf_2 analisis\ALL_SN_RESULTS_FINAL\per_configuration\iWLAN_5GHz_CamAne_SN_BW20MHz
iWLAN,5GHz,CamAne,SN,20,7,idle,2025-11-25 11:50:41.000,2025-11-25 11:50:50.000,9.0,,,,,,35.0,70.0,iperf3_udp_sender,OK_UDP_FFMPEG_MATCH,Reference load taken from rate-controlled UDP sender summary (35 Mbps/STA). ffmpeg target=35 Mbps/STA; difference=0.000% <= tolerance 2.000%. TCP is retained as achieved throughput and is not required to match the reference load.,0.0,35.0,35.0,100.0,100.0,35.0,35.0,0.471,0.0,35.0,35.0,70.0,35.0,35.0,35.0,35.0,D:\iWLAN_5GHz_CamAne_SN_BW20MHz\Prueba_Siemens2\Test 7,iWLAN_5GHz_CamAne_SN_BW20MHz,iPCF2_OFF_iWLAN,C:\Users\rarriaga\Documents\ipcf_2 analisis\ALL_SN_RESULTS_FINAL\per_configuration\iWLAN_5GHz_CamAne_SN_BW20MHz
iWLAN,5GHz,CamAne,SN,20,7,iperf_tcp,2025-11-25 11:50:50.000,2025-11-25 11:53:50.000,180.0,35.0,70.0,achieved_tcp_sender_throughput,35.0,70.0,35.0,70.0,iperf3_udp_sender,OK_UDP_FFMPEG_MATCH,Reference load taken from rate-controlled UDP sender summary (35 Mbps/STA). ffmpeg target=35 Mbps/STA; difference=0.000% <= tolerance 2.000%. TCP is retained as achieved throughput and is not required to match the reference load.,0.0,35.0,35.0,100.0,100.0,35.0,35.0,0.471,0.0,35.0,35.0,70.0,35.0,35.0,35.0,35.0,D:\iWLAN_5GHz_CamAne_SN_BW20MHz\Prueba_Siemens2\Test 7,iWLAN_5GHz_CamAne_SN_BW20MHz,iPCF2_OFF_iWLAN,C:\Users\rarriaga\Documents\ipcf_2 analisis\ALL_SN_RESULTS_FINAL\per_configuration\iWLAN_5GHz_CamAne_SN_BW20MHz
iWLAN,5GHz,CamAne,SN,20,7,iperf_udp,2025-11-25 11:53:50.000,2025-11-25 11:56:50.000,180.0,35.0,70.0,controlled_udp_offered_rate,35.0,70.0,35.0,70.0,iperf3_udp_sender,OK_UDP_FFMPEG_MATCH,Reference load taken from rate-controlled UDP sender summary (35 Mbps/STA). ffmpeg target=35 Mbps/STA; difference=0.000% <= tolerance 2.000%. TCP is retained as achieved throughput and is not required to match the reference load.,0.0,35.0,35.0,100.0,100.0,35.0,35.0,0.471,0.0,35.0,35.0,70.0,35.0,35.0,35.0,35.0,D:\iWLAN_5GHz_CamAne_SN_BW20MHz\Prueba_Siemens2\Test 7,iWLAN_5GHz_CamAne_SN_BW20MHz,iPCF2_OFF_iWLAN,C:\Users\rarriaga\Documents\ipcf_2 analisis\ALL_SN_RESULTS_FINAL\per_configuration\iWLAN_5GHz_CamAne_SN_BW20MHz
iWLAN,5GHz,CamAne,SN,20,8,ffmpeg_udp,2025-11-25 12:09:41.000,2025-11-25 12:12:41.000,180.0,40.0,80.0,ffmpeg_sdp_target_rate,40.0,80.0,40.0,80.0,iperf3_udp_sender,OK_UDP_FFMPEG_MATCH,Reference load taken from rate-controlled UDP sender summary (40 Mbps/STA). ffmpeg target=40 Mbps/STA; difference=0.000% <= tolerance 2.000%. TCP is retained as achieved throughput and is not required to match the reference load.,0.0,40.0,40.0,100.0,100.0,40.0,40.0,0.358,0.0,40.0,40.0,80.0,40.0,40.0,40.0,40.0,D:\iWLAN_5GHz_CamAne_SN_BW20MHz\Prueba_Siemens2\Test 8,iWLAN_5GHz_CamAne_SN_BW20MHz,iPCF2_OFF_iWLAN,C:\Users\rarriaga\Documents\ipcf_2 analisis\ALL_SN_RESULTS_FINAL\per_configuration\iWLAN_5GHz_CamAne_SN_BW20MHz
iWLAN,5GHz,CamAne,SN,20,8,idle,2025-11-25 12:03:32.000,2025-11-25 12:03:41.000,9.0,,,,,,40.0,80.0,iperf3_udp_sender,OK_UDP_FFMPEG_MATCH,Reference load taken from rate-controlled UDP sender summary (40 Mbps/STA). ffmpeg target=40 Mbps/STA; difference=0.000% <= tolerance 2.000%. TCP is retained as achieved throughput and is not required to match the reference load.,0.0,40.0,40.0,100.0,100.0,40.0,40.0,0.358,0.0,40.0,40.0,80.0,40.0,40.0,40.0,40.0,D:\iWLAN_5GHz_CamAne_SN_BW20MHz\Prueba_Siemens2\Test 8,iWLAN_5GHz_CamAne_SN_BW20MHz,iPCF2_OFF_iWLAN,C:\Users\rarriaga\Documents\ipcf_2 analisis\ALL_SN_RESULTS_FINAL\per_configuration\iWLAN_5GHz_CamAne_SN_BW20MHz
iWLAN,5GHz,CamAne,SN,20,8,iperf_tcp,2025-11-25 12:03:41.000,2025-11-25 12:06:41.000,180.0,40.0,80.0,achieved_tcp_sender_throughput,40.0,80.0,40.0,80.0,iperf3_udp_sender,OK_UDP_FFMPEG_MATCH,Reference load taken from rate-controlled UDP sender summary (40 Mbps/STA). ffmpeg target=40 Mbps/STA; difference=0.000% <= tolerance 2.000%. TCP is retained as achieved throughput and is not required to match the reference load.,0.0,40.0,40.0,100.0,100.0,40.0,40.0,0.358,0.0,40.0,40.0,80.0,40.0,40.0,40.0,40.0,D:\iWLAN_5GHz_CamAne_SN_BW20MHz\Prueba_Siemens2\Test 8,iWLAN_5GHz_CamAne_SN_BW20MHz,iPCF2_OFF_iWLAN,C:\Users\rarriaga\Documents\ipcf_2 analisis\ALL_SN_RESULTS_FINAL\per_configuration\iWLAN_5GHz_CamAne_SN_BW20MHz
iWLAN,5GHz,CamAne,SN,20,8,iperf_udp,2025-11-25 12:06:41.000,2025-11-25 12:09:41.000,180.0,40.0,80.0,controlled_udp_offered_rate,40.0,80.0,40.0,80.0,iperf3_udp_sender,OK_UDP_FFMPEG_MATCH,Reference load taken from rate-controlled UDP sender summary (40 Mbps/STA). ffmpeg target=40 Mbps/STA; difference=0.000% <= tolerance 2.000%. TCP is retained as achieved throughput and is not required to match the reference load.,0.0,40.0,40.0,100.0,100.0,40.0,40.0,0.358,0.0,40.0,40.0,80.0,40.0,40.0,40.0,40.0,D:\iWLAN_5GHz_CamAne_SN_BW20MHz\Prueba_Siemens2\Test 8,iWLAN_5GHz_CamAne_SN_BW20MHz,iPCF2_OFF_iWLAN,C:\Users\rarriaga\Documents\ipcf_2 analisis\ALL_SN_RESULTS_FINAL\per_configuration\iWLAN_5GHz_CamAne_SN_BW20MHz
iWLAN,5GHz,CamAne,SN,20,9,ffmpeg_udp,2025-11-25 17:00:55.000,2025-11-25 17:03:55.000,180.0,45.0,90.0,ffmpeg_sdp_target_rate,45.0,90.0,45.0,90.0,iperf3_udp_sender,OK_UDP_FFMPEG_MATCH,Reference load taken from rate-controlled UDP sender summary (45 Mbps/STA). ffmpeg target=45 Mbps/STA; difference=0.000% <= tolerance 2.000%. TCP is retained as achieved throughput and is not required to match the reference load.,0.0,45.0,45.0,100.0,100.0,45.0,45.0,0.263,0.0,45.0,45.0,90.0,45.0,45.0,45.0,45.0,D:\iWLAN_5GHz_CamAne_SN_BW20MHz\Prueba_Siemens2\Test 9,iWLAN_5GHz_CamAne_SN_BW20MHz,iPCF2_OFF_iWLAN,C:\Users\rarriaga\Documents\ipcf_2 analisis\ALL_SN_RESULTS_FINAL\per_configuration\iWLAN_5GHz_CamAne_SN_BW20MHz
iWLAN,5GHz,CamAne,SN,20,9,idle,2025-11-25 16:54:46.000,2025-11-25 16:54:55.000,9.0,,,,,,45.0,90.0,iperf3_udp_sender,OK_UDP_FFMPEG_MATCH,Reference load taken from rate-controlled UDP sender summary (45 Mbps/STA). ffmpeg target=45 Mbps/STA; difference=0.000% <= tolerance 2.000%. TCP is retained as achieved throughput and is not required to match the reference load.,0.0,45.0,45.0,100.0,100.0,45.0,45.0,0.263,0.0,45.0,45.0,90.0,45.0,45.0,45.0,45.0,D:\iWLAN_5GHz_CamAne_SN_BW20MHz\Prueba_Siemens2\Test 9,iWLAN_5GHz_CamAne_SN_BW20MHz,iPCF2_OFF_iWLAN,C:\Users\rarriaga\Documents\ipcf_2 analisis\ALL_SN_RESULTS_FINAL\per_configuration\iWLAN_5GHz_CamAne_SN_BW20MHz
iWLAN,5GHz,CamAne,SN,20,9,iperf_tcp,2025-11-25 16:54:55.000,2025-11-25 16:57:55.000,180.0,45.0,90.0,achieved_tcp_sender_throughput,45.0,90.0,45.0,90.0,iperf3_udp_sender,OK_UDP_FFMPEG_MATCH,Reference load taken from rate-controlled UDP sender summary (45 Mbps/STA). ffmpeg target=45 Mbps/STA; difference=0.000% <= tolerance 2.000%. TCP is retained as achieved throughput and is not required to match the reference load.,0.0,45.0,45.0,100.0,100.0,45.0,45.0,0.263,0.0,45.0,45.0,90.0,45.0,45.0,45.0,45.0,D:\iWLAN_5GHz_CamAne_SN_BW20MHz\Prueba_Siemens2\Test 9,iWLAN_5GHz_CamAne_SN_BW20MHz,iPCF2_OFF_iWLAN,C:\Users\rarriaga\Documents\ipcf_2 analisis\ALL_SN_RESULTS_FINAL\per_configuration\iWLAN_5GHz_CamAne_SN_BW20MHz
iWLAN,5GHz,CamAne,SN,20,9,iperf_udp,2025-11-25 16:57:55.000,2025-11-25 17:00:55.000,180.0,45.0,90.0,controlled_udp_offered_rate,45.0,90.0,45.0,90.0,iperf3_udp_sender,OK_UDP_FFMPEG_MATCH,Reference load taken from rate-controlled UDP sender summary (45 Mbps/STA). ffmpeg target=45 Mbps/STA; difference=0.000% <= tolerance 2.000%. TCP is retained as achieved throughput and is not required to match the reference load.,0.0,45.0,45.0,100.0,100.0,45.0,45.0,0.263,0.0,45.0,45.0,90.0,45.0,45.0,45.0,45.0,D:\iWLAN_5GHz_CamAne_SN_BW20MHz\Prueba_Siemens2\Test 9,iWLAN_5GHz_CamAne_SN_BW20MHz,iPCF2_OFF_iWLAN,C:\Users\rarriaga\Documents\ipcf_2 analisis\ALL_SN_RESULTS_FINAL\per_configuration\iWLAN_5GHz_CamAne_SN_BW20MHz
iWLAN,5GHz,CamAne,SN,20,10,ffmpeg_udp,2025-11-25 17:11:38.000,2025-11-25 17:14:38.000,180.0,50.0,100.0,ffmpeg_sdp_target_rate,50.0,100.0,50.0,100.0,iperf3_udp_sender,OK_UDP_FFMPEG_MATCH,Reference load taken from rate-controlled UDP sender summary (50 Mbps/STA). ffmpeg target=50 Mbps/STA; difference=0.000% <= tolerance 2.000%. TCP is retained as achieved throughput and is not required to match the reference load.,0.0,50.0,50.0,100.0,100.0,50.0,50.0,0.274,0.00039,50.0,50.0,100.0,50.0,50.0,50.0,50.0,D:\iWLAN_5GHz_CamAne_SN_BW20MHz\Prueba_Siemens2\Test 10,iWLAN_5GHz_CamAne_SN_BW20MHz,iPCF2_OFF_iWLAN,C:\Users\rarriaga\Documents\ipcf_2 analisis\ALL_SN_RESULTS_FINAL\per_configuration\iWLAN_5GHz_CamAne_SN_BW20MHz
iWLAN,5GHz,CamAne,SN,20,10,idle,2025-11-25 17:05:29.000,2025-11-25 17:05:38.000,9.0,,,,,,50.0,100.0,iperf3_udp_sender,OK_UDP_FFMPEG_MATCH,Reference load taken from rate-controlled UDP sender summary (50 Mbps/STA). ffmpeg target=50 Mbps/STA; difference=0.000% <= tolerance 2.000%. TCP is retained as achieved throughput and is not required to match the reference load.,0.0,50.0,50.0,100.0,100.0,50.0,50.0,0.274,0.00039,50.0,50.0,100.0,50.0,50.0,50.0,50.0,D:\iWLAN_5GHz_CamAne_SN_BW20MHz\Prueba_Siemens2\Test 10,iWLAN_5GHz_CamAne_SN_BW20MHz,iPCF2_OFF_iWLAN,C:\Users\rarriaga\Documents\ipcf_2 analisis\ALL_SN_RESULTS_FINAL\per_configuration\iWLAN_5GHz_CamAne_SN_BW20MHz
iWLAN,5GHz,CamAne,SN,20,10,iperf_tcp,2025-11-25 17:05:38.000,2025-11-25 17:08:38.000,180.0,50.0,100.0,achieved_tcp_sender_throughput,50.0,100.0,50.0,100.0,iperf3_udp_sender,OK_UDP_FFMPEG_MATCH,Reference load taken from rate-controlled UDP sender summary (50 Mbps/STA). ffmpeg target=50 Mbps/STA; difference=0.000% <= tolerance 2.000%. TCP is retained as achieved throughput and is not required to match the reference load.,0.0,50.0,50.0,100.0,100.0,50.0,50.0,0.274,0.00039,50.0,50.0,100.0,50.0,50.0,50.0,50.0,D:\iWLAN_5GHz_CamAne_SN_BW20MHz\Prueba_Siemens2\Test 10,iWLAN_5GHz_CamAne_SN_BW20MHz,iPCF2_OFF_iWLAN,C:\Users\rarriaga\Documents\ipcf_2 analisis\ALL_SN_RESULTS_FINAL\per_configuration\iWLAN_5GHz_CamAne_SN_BW20MHz
iWLAN,5GHz,CamAne,SN,20,10,iperf_udp,2025-11-25 17:08:38.000,2025-11-25 17:11:38.000,180.0,50.0,100.0,controlled_udp_offered_rate,50.0,100.0,50.0,100.0,iperf3_udp_sender,OK_UDP_FFMPEG_MATCH,Reference load taken from rate-controlled UDP sender summary (50 Mbps/STA). ffmpeg target=50 Mbps/STA; difference=0.000% <= tolerance 2.000%. TCP is retained as achieved throughput and is not required to match the reference load.,0.0,50.0,50.0,100.0,100.0,50.0,50.0,0.274,0.00039,50.0,50.0,100.0,50.0,50.0,50.0,50.0,D:\iWLAN_5GHz_CamAne_SN_BW20MHz\Prueba_Siemens2\Test 10,iWLAN_5GHz_CamAne_SN_BW20MHz,iPCF2_OFF_iWLAN,C:\Users\rarriaga\Documents\ipcf_2 analisis\ALL_SN_RESULTS_FINAL\per_configuration\iWLAN_5GHz_CamAne_SN_BW20MHz
iWLAN,5GHz,CamAne,SN,40,1,ffmpeg_udp,2025-11-25 17:50:50.000,2025-11-25 17:53:50.000,180.0,10.0,20.0,ffmpeg_sdp_target_rate,10.0,20.0,10.0,20.0,iperf3_udp_sender,OK_UDP_FFMPEG_MATCH,Reference load taken from rate-controlled UDP sender summary (10 Mbps/STA). ffmpeg target=10 Mbps/STA; difference=0.000% <= tolerance 2.000%. TCP is retained as achieved throughput and is not required to match the reference load.,0.0,10.0,10.0,100.0,100.0,10.0,10.0,0.364,0.0,10.0,10.0,20.0,10.0,10.0,10.0,10.0,D:\iWLAN_5GHz_CamAne_SN_BW40MHz\Prueba_Siemens2\Test 1,iWLAN_5GHz_CamAne_SN_BW40MHz,iPCF2_OFF_iWLAN,C:\Users\rarriaga\Documents\ipcf_2 analisis\ALL_SN_RESULTS_FINAL\per_configuration\iWLAN_5GHz_CamAne_SN_BW40MHz
iWLAN,5GHz,CamAne,SN,40,1,idle,2025-11-25 17:41:50.000,2025-11-25 17:44:50.000,180.0,,,,,,10.0,20.0,iperf3_udp_sender,OK_UDP_FFMPEG_MATCH,Reference load taken from rate-controlled UDP sender summary (10 Mbps/STA). ffmpeg target=10 Mbps/STA; difference=0.000% <= tolerance 2.000%. TCP is retained as achieved throughput and is not required to match the reference load.,0.0,10.0,10.0,100.0,100.0,10.0,10.0,0.364,0.0,10.0,10.0,20.0,10.0,10.0,10.0,10.0,D:\iWLAN_5GHz_CamAne_SN_BW40MHz\Prueba_Siemens2\Test 1,iWLAN_5GHz_CamAne_SN_BW40MHz,iPCF2_OFF_iWLAN,C:\Users\rarriaga\Documents\ipcf_2 analisis\ALL_SN_RESULTS_FINAL\per_configuration\iWLAN_5GHz_CamAne_SN_BW40MHz
iWLAN,5GHz,CamAne,SN,40,1,iperf_tcp,2025-11-25 17:44:50.000,2025-11-25 17:47:50.000,180.0,10.0,20.0,achieved_tcp_sender_throughput,10.0,20.0,10.0,20.0,iperf3_udp_sender,OK_UDP_FFMPEG_MATCH,Reference load taken from rate-controlled UDP sender summary (10 Mbps/STA). ffmpeg target=10 Mbps/STA; difference=0.000% <= tolerance 2.000%. TCP is retained as achieved throughput and is not required to match the reference load.,0.0,10.0,10.0,100.0,100.0,10.0,10.0,0.364,0.0,10.0,10.0,20.0,10.0,10.0,10.0,10.0,D:\iWLAN_5GHz_CamAne_SN_BW40MHz\Prueba_Siemens2\Test 1,iWLAN_5GHz_CamAne_SN_BW40MHz,iPCF2_OFF_iWLAN,C:\Users\rarriaga\Documents\ipcf_2 analisis\ALL_SN_RESULTS_FINAL\per_configuration\iWLAN_5GHz_CamAne_SN_BW40MHz
iWLAN,5GHz,CamAne,SN,40,1,iperf_udp,2025-11-25 17:47:50.000,2025-11-25 17:50:50.000,180.0,10.0,20.0,controlled_udp_offered_rate,10.0,20.0,10.0,20.0,iperf3_udp_sender,OK_UDP_FFMPEG_MATCH,Reference load taken from rate-controlled UDP sender summary (10 Mbps/STA). ffmpeg target=10 Mbps/STA; difference=0.000% <= tolerance 2.000%. TCP is retained as achieved throughput and is not required to match the reference load.,0.0,10.0,10.0,100.0,100.0,10.0,10.0,0.364,0.0,10.0,10.0,20.0,10.0,10.0,10.0,10.0,D:\iWLAN_5GHz_CamAne_SN_BW40MHz\Prueba_Siemens2\Test 1,iWLAN_5GHz_CamAne_SN_BW40MHz,iPCF2_OFF_iWLAN,C:\Users\rarriaga\Documents\ipcf_2 analisis\ALL_SN_RESULTS_FINAL\per_configuration\iWLAN_5GHz_CamAne_SN_BW40MHz
iWLAN,5GHz,CamAne,SN,40,2,ffmpeg_udp,2025-11-25 18:02:23.000,2025-11-25 18:05:23.000,180.0,20.0,40.0,ffmpeg_sdp_target_rate,20.0,40.0,20.0,40.0,iperf3_udp_sender,OK_UDP_FFMPEG_MATCH,Reference load taken from rate-controlled UDP sender summary (20 Mbps/STA). ffmpeg target=20 Mbps/STA; difference=0.000% <= tolerance 2.000%. TCP is retained as achieved throughput and is not required to match the reference load.,0.0,20.0,20.0,100.0,100.0,20.0,20.0,0.354,0.0,20.0,20.0,40.0,20.0,20.0,20.0,20.0,D:\iWLAN_5GHz_CamAne_SN_BW40MHz\Prueba_Siemens2\Test 2,iWLAN_5GHz_CamAne_SN_BW40MHz,iPCF2_OFF_iWLAN,C:\Users\rarriaga\Documents\ipcf_2 analisis\ALL_SN_RESULTS_FINAL\per_configuration\iWLAN_5GHz_CamAne_SN_BW40MHz
iWLAN,5GHz,CamAne,SN,40,2,idle,2025-11-25 17:56:13.000,2025-11-25 17:56:22.000,9.0,,,,,,20.0,40.0,iperf3_udp_sender,OK_UDP_FFMPEG_MATCH,Reference load taken from rate-controlled UDP sender summary (20 Mbps/STA). ffmpeg target=20 Mbps/STA; difference=0.000% <= tolerance 2.000%. TCP is retained as achieved throughput and is not required to match the reference load.,0.0,20.0,20.0,100.0,100.0,20.0,20.0,0.354,0.0,20.0,20.0,40.0,20.0,20.0,20.0,20.0,D:\iWLAN_5GHz_CamAne_SN_BW40MHz\Prueba_Siemens2\Test 2,iWLAN_5GHz_CamAne_SN_BW40MHz,iPCF2_OFF_iWLAN,C:\Users\rarriaga\Documents\ipcf_2 analisis\ALL_SN_RESULTS_FINAL\per_configuration\iWLAN_5GHz_CamAne_SN_BW40MHz
iWLAN,5GHz,CamAne,SN,40,2,iperf_tcp,2025-11-25 17:56:22.000,2025-11-25 17:59:22.000,180.0,20.0,40.0,achieved_tcp_sender_throughput,20.0,40.0,20.0,40.0,iperf3_udp_sender,OK_UDP_FFMPEG_MATCH,Reference load taken from rate-controlled UDP sender summary (20 Mbps/STA). ffmpeg target=20 Mbps/STA; difference=0.000% <= tolerance 2.000%. TCP is retained as achieved throughput and is not required to match the reference load.,0.0,20.0,20.0,100.0,100.0,20.0,20.0,0.354,0.0,20.0,20.0,40.0,20.0,20.0,20.0,20.0,D:\iWLAN_5GHz_CamAne_SN_BW40MHz\Prueba_Siemens2\Test 2,iWLAN_5GHz_CamAne_SN_BW40MHz,iPCF2_OFF_iWLAN,C:\Users\rarriaga\Documents\ipcf_2 analisis\ALL_SN_RESULTS_FINAL\per_configuration\iWLAN_5GHz_CamAne_SN_BW40MHz
iWLAN,5GHz,CamAne,SN,40,2,iperf_udp,2025-11-25 17:59:22.000,2025-11-25 18:02:22.000,180.0,20.0,40.0,controlled_udp_offered_rate,20.0,40.0,20.0,40.0,iperf3_udp_sender,OK_UDP_FFMPEG_MATCH,Reference load taken from rate-controlled UDP sender summary (20 Mbps/STA). ffmpeg target=20 Mbps/STA; difference=0.000% <= tolerance 2.000%. TCP is retained as achieved throughput and is not required to match the reference load.,0.0,20.0,20.0,100.0,100.0,20.0,20.0,0.354,0.0,20.0,20.0,40.0,20.0,20.0,20.0,20.0,D:\iWLAN_5GHz_CamAne_SN_BW40MHz\Prueba_Siemens2\Test 2,iWLAN_5GHz_CamAne_SN_BW40MHz,iPCF2_OFF_iWLAN,C:\Users\rarriaga\Documents\ipcf_2 analisis\ALL_SN_RESULTS_FINAL\per_configuration\iWLAN_5GHz_CamAne_SN_BW40MHz
iWLAN,5GHz,CamAne,SN,40,3,ffmpeg_udp,2025-11-25 18:14:26.000,2025-11-25 18:17:26.000,180.0,30.0,60.0,ffmpeg_sdp_target_rate,30.0,60.0,30.0,60.0,iperf3_udp_sender,OK_UDP_FFMPEG_MATCH,Reference load taken from rate-controlled UDP sender summary (30 Mbps/STA). ffmpeg target=30 Mbps/STA; difference=0.000% <= tolerance 2.000%. TCP is retained as achieved throughput and is not required to match the reference load.,0.0,30.0,30.0,100.0,100.0,30.0,30.0,0.428,0.0,30.0,30.0,60.0,30.0,30.0,30.0,30.0,D:\iWLAN_5GHz_CamAne_SN_BW40MHz\Prueba_Siemens2\Test 3,iWLAN_5GHz_CamAne_SN_BW40MHz,iPCF2_OFF_iWLAN,C:\Users\rarriaga\Documents\ipcf_2 analisis\ALL_SN_RESULTS_FINAL\per_configuration\iWLAN_5GHz_CamAne_SN_BW40MHz
iWLAN,5GHz,CamAne,SN,40,3,idle,2025-11-25 18:08:17.000,2025-11-25 18:08:26.000,9.0,,,,,,30.0,60.0,iperf3_udp_sender,OK_UDP_FFMPEG_MATCH,Reference load taken from rate-controlled UDP sender summary (30 Mbps/STA). ffmpeg target=30 Mbps/STA; difference=0.000% <= tolerance 2.000%. TCP is retained as achieved throughput and is not required to match the reference load.,0.0,30.0,30.0,100.0,100.0,30.0,30.0,0.428,0.0,30.0,30.0,60.0,30.0,30.0,30.0,30.0,D:\iWLAN_5GHz_CamAne_SN_BW40MHz\Prueba_Siemens2\Test 3,iWLAN_5GHz_CamAne_SN_BW40MHz,iPCF2_OFF_iWLAN,C:\Users\rarriaga\Documents\ipcf_2 analisis\ALL_SN_RESULTS_FINAL\per_configuration\iWLAN_5GHz_CamAne_SN_BW40MHz
iWLAN,5GHz,CamAne,SN,40,3,iperf_tcp,2025-11-25 18:08:26.000,2025-11-25 18:11:26.000,180.0,30.0,60.0,achieved_tcp_sender_throughput,30.0,60.0,30.0,60.0,iperf3_udp_sender,OK_UDP_FFMPEG_MATCH,Reference load taken from rate-controlled UDP sender summary (30 Mbps/STA). ffmpeg target=30 Mbps/STA; difference=0.000% <= tolerance 2.000%. TCP is retained as achieved throughput and is not required to match the reference load.,0.0,30.0,30.0,100.0,100.0,30.0,30.0,0.428,0.0,30.0,30.0,60.0,30.0,30.0,30.0,30.0,D:\iWLAN_5GHz_CamAne_SN_BW40MHz\Prueba_Siemens2\Test 3,iWLAN_5GHz_CamAne_SN_BW40MHz,iPCF2_OFF_iWLAN,C:\Users\rarriaga\Documents\ipcf_2 analisis\ALL_SN_RESULTS_FINAL\per_configuration\iWLAN_5GHz_CamAne_SN_BW40MHz
iWLAN,5GHz,CamAne,SN,40,3,iperf_udp,2025-11-25 18:11:26.000,2025-11-25 18:14:26.000,180.0,30.0,60.0,controlled_udp_offered_rate,30.0,60.0,30.0,60.0,iperf3_udp_sender,OK_UDP_FFMPEG_MATCH,Reference load taken from rate-controlled UDP sender summary (30 Mbps/STA). ffmpeg target=30 Mbps/STA; difference=0.000% <= tolerance 2.000%. TCP is retained as achieved throughput and is not required to match the reference load.,0.0,30.0,30.0,100.0,100.0,30.0,30.0,0.428,0.0,30.0,30.0,60.0,30.0,30.0,30.0,30.0,D:\iWLAN_5GHz_CamAne_SN_BW40MHz\Prueba_Siemens2\Test 3,iWLAN_5GHz_CamAne_SN_BW40MHz,iPCF2_OFF_iWLAN,C:\Users\rarriaga\Documents\ipcf_2 analisis\ALL_SN_RESULTS_FINAL\per_configuration\iWLAN_5GHz_CamAne_SN_BW40MHz
iWLAN,5GHz,CamAne,SN,40,4,ffmpeg_udp,2025-11-25 18:25:18.000,2025-11-25 18:28:18.000,180.0,40.0,80.0,ffmpeg_sdp_target_rate,40.0,80.0,40.0,80.0,iperf3_udp_sender,OK_UDP_FFMPEG_MATCH,Reference load taken from rate-controlled UDP sender summary (40 Mbps/STA). ffmpeg target=40 Mbps/STA; difference=0.000% <= tolerance 2.000%. TCP is retained as achieved throughput and is not required to match the reference load.,0.0,40.0,40.0,100.0,100.0,40.0,40.0,0.38,0.0,40.0,40.0,80.0,40.0,40.0,40.0,40.0,D:\iWLAN_5GHz_CamAne_SN_BW40MHz\Prueba_Siemens2\Test 4,iWLAN_5GHz_CamAne_SN_BW40MHz,iPCF2_OFF_iWLAN,C:\Users\rarriaga\Documents\ipcf_2 analisis\ALL_SN_RESULTS_FINAL\per_configuration\iWLAN_5GHz_CamAne_SN_BW40MHz
iWLAN,5GHz,CamAne,SN,40,4,idle,2025-11-25 18:19:09.000,2025-11-25 18:19:18.000,9.0,,,,,,40.0,80.0,iperf3_udp_sender,OK_UDP_FFMPEG_MATCH,Reference load taken from rate-controlled UDP sender summary (40 Mbps/STA). ffmpeg target=40 Mbps/STA; difference=0.000% <= tolerance 2.000%. TCP is retained as achieved throughput and is not required to match the reference load.,0.0,40.0,40.0,100.0,100.0,40.0,40.0,0.38,0.0,40.0,40.0,80.0,40.0,40.0,40.0,40.0,D:\iWLAN_5GHz_CamAne_SN_BW40MHz\Prueba_Siemens2\Test 4,iWLAN_5GHz_CamAne_SN_BW40MHz,iPCF2_OFF_iWLAN,C:\Users\rarriaga\Documents\ipcf_2 analisis\ALL_SN_RESULTS_FINAL\per_configuration\iWLAN_5GHz_CamAne_SN_BW40MHz
iWLAN,5GHz,CamAne,SN,40,4,iperf_tcp,2025-11-25 18:19:18.000,2025-11-25 18:22:18.000,180.0,40.0,80.0,achieved_tcp_sender_throughput,40.0,80.0,40.0,80.0,iperf3_udp_sender,OK_UDP_FFMPEG_MATCH,Reference load taken from rate-controlled UDP sender summary (40 Mbps/STA). ffmpeg target=40 Mbps/STA; difference=0.000% <= tolerance 2.000%. TCP is retained as achieved throughput and is not required to match the reference load.,0.0,40.0,40.0,100.0,100.0,40.0,40.0,0.38,0.0,40.0,40.0,80.0,40.0,40.0,40.0,40.0,D:\iWLAN_5GHz_CamAne_SN_BW40MHz\Prueba_Siemens2\Test 4,iWLAN_5GHz_CamAne_SN_BW40MHz,iPCF2_OFF_iWLAN,C:\Users\rarriaga\Documents\ipcf_2 analisis\ALL_SN_RESULTS_FINAL\per_configuration\iWLAN_5GHz_CamAne_SN_BW40MHz
iWLAN,5GHz,CamAne,SN,40,4,iperf_udp,2025-11-25 18:22:18.000,2025-11-25 18:25:18.000,180.0,40.0,80.0,controlled_udp_offered_rate,40.0,80.0,40.0,80.0,iperf3_udp_sender,OK_UDP_FFMPEG_MATCH,Reference load taken from rate-controlled UDP sender summary (40 Mbps/STA). ffmpeg target=40 Mbps/STA; difference=0.000% <= tolerance 2.000%. TCP is retained as achieved throughput and is not required to match the reference load.,0.0,40.0,40.0,100.0,100.0,40.0,40.0,0.38,0.0,40.0,40.0,80.0,40.0,40.0,40.0,40.0,D:\iWLAN_5GHz_CamAne_SN_BW40MHz\Prueba_Siemens2\Test 4,iWLAN_5GHz_CamAne_SN_BW40MHz,iPCF2_OFF_iWLAN,C:\Users\rarriaga\Documents\ipcf_2 analisis\ALL_SN_RESULTS_FINAL\per_configuration\iWLAN_5GHz_CamAne_SN_BW40MHz
iWLAN,5GHz,CamAne,SN,40,5,ffmpeg_udp,2025-11-25 18:36:14.000,2025-11-25 18:39:14.000,180.0,50.0,100.0,ffmpeg_sdp_target_rate,50.0,100.0,50.0,100.0,iperf3_udp_sender,OK_UDP_FFMPEG_MATCH,Reference load taken from rate-controlled UDP sender summary (50 Mbps/STA). ffmpeg target=50 Mbps/STA; difference=0.000% <= tolerance 2.000%. TCP is retained as achieved throughput and is not required to match the reference load.,0.0,50.0,50.0,100.0,100.0,50.0,50.0,0.332,0.0,50.0,50.0,100.0,50.0,50.0,50.0,50.0,D:\iWLAN_5GHz_CamAne_SN_BW40MHz\Prueba_Siemens2\Test 5,iWLAN_5GHz_CamAne_SN_BW40MHz,iPCF2_OFF_iWLAN,C:\Users\rarriaga\Documents\ipcf_2 analisis\ALL_SN_RESULTS_FINAL\per_configuration\iWLAN_5GHz_CamAne_SN_BW40MHz
iWLAN,5GHz,CamAne,SN,40,5,idle,2025-11-25 18:30:05.000,2025-11-25 18:30:14.000,9.0,,,,,,50.0,100.0,iperf3_udp_sender,OK_UDP_FFMPEG_MATCH,Reference load taken from rate-controlled UDP sender summary (50 Mbps/STA). ffmpeg target=50 Mbps/STA; difference=0.000% <= tolerance 2.000%. TCP is retained as achieved throughput and is not required to match the reference load.,0.0,50.0,50.0,100.0,100.0,50.0,50.0,0.332,0.0,50.0,50.0,100.0,50.0,50.0,50.0,50.0,D:\iWLAN_5GHz_CamAne_SN_BW40MHz\Prueba_Siemens2\Test 5,iWLAN_5GHz_CamAne_SN_BW40MHz,iPCF2_OFF_iWLAN,C:\Users\rarriaga\Documents\ipcf_2 analisis\ALL_SN_RESULTS_FINAL\per_configuration\iWLAN_5GHz_CamAne_SN_BW40MHz
iWLAN,5GHz,CamAne,SN,40,5,iperf_tcp,2025-11-25 18:30:14.000,2025-11-25 18:33:14.000,180.0,50.0,100.0,achieved_tcp_sender_throughput,50.0,100.0,50.0,100.0,iperf3_udp_sender,OK_UDP_FFMPEG_MATCH,Reference load taken from rate-controlled UDP sender summary (50 Mbps/STA). ffmpeg target=50 Mbps/STA; difference=0.000% <= tolerance 2.000%. TCP is retained as achieved throughput and is not required to match the reference load.,0.0,50.0,50.0,100.0,100.0,50.0,50.0,0.332,0.0,50.0,50.0,100.0,50.0,50.0,50.0,50.0,D:\iWLAN_5GHz_CamAne_SN_BW40MHz\Prueba_Siemens2\Test 5,iWLAN_5GHz_CamAne_SN_BW40MHz,iPCF2_OFF_iWLAN,C:\Users\rarriaga\Documents\ipcf_2 analisis\ALL_SN_RESULTS_FINAL\per_configuration\iWLAN_5GHz_CamAne_SN_BW40MHz
iWLAN,5GHz,CamAne,SN,40,5,iperf_udp,2025-11-25 18:33:14.000,2025-11-25 18:36:14.000,180.0,50.0,100.0,controlled_udp_offered_rate,50.0,100.0,50.0,100.0,iperf3_udp_sender,OK_UDP_FFMPEG_MATCH,Reference load taken from rate-controlled UDP sender summary (50 Mbps/STA). ffmpeg target=50 Mbps/STA; difference=0.000% <= tolerance 2.000%. TCP is retained as achieved throughput and is not required to match the reference load.,0.0,50.0,50.0,100.0,100.0,50.0,50.0,0.332,0.0,50.0,50.0,100.0,50.0,50.0,50.0,50.0,D:\iWLAN_5GHz_CamAne_SN_BW40MHz\Prueba_Siemens2\Test 5,iWLAN_5GHz_CamAne_SN_BW40MHz,iPCF2_OFF_iWLAN,C:\Users\rarriaga\Documents\ipcf_2 analisis\ALL_SN_RESULTS_FINAL\per_configuration\iWLAN_5GHz_CamAne_SN_BW40MHz
iWLAN,5GHz,CamAne,SN,40,6,ffmpeg_udp,2025-11-25 18:53:24.000,2025-11-25 18:56:24.000,180.0,60.0,120.0,ffmpeg_sdp_target_rate,60.0,120.0,60.0,120.0,iperf3_udp_sender,OK_UDP_FFMPEG_MATCH,Reference load taken from rate-controlled UDP sender summary (60 Mbps/STA). ffmpeg target=60 Mbps/STA; difference=0.000% <= tolerance 2.000%. TCP is retained as achieved throughput and is not required to match the reference load.,0.0,60.0,60.0,100.0,100.0,60.0,60.0,0.29,0.0,60.0,60.0,120.0,60.0,60.0,60.0,60.0,D:\iWLAN_5GHz_CamAne_SN_BW40MHz\Prueba_Siemens2\Test 6,iWLAN_5GHz_CamAne_SN_BW40MHz,iPCF2_OFF_iWLAN,C:\Users\rarriaga\Documents\ipcf_2 analisis\ALL_SN_RESULTS_FINAL\per_configuration\iWLAN_5GHz_CamAne_SN_BW40MHz
iWLAN,5GHz,CamAne,SN,40,6,idle,2025-11-25 18:47:15.000,2025-11-25 18:47:24.000,9.0,,,,,,60.0,120.0,iperf3_udp_sender,OK_UDP_FFMPEG_MATCH,Reference load taken from rate-controlled UDP sender summary (60 Mbps/STA). ffmpeg target=60 Mbps/STA; difference=0.000% <= tolerance 2.000%. TCP is retained as achieved throughput and is not required to match the reference load.,0.0,60.0,60.0,100.0,100.0,60.0,60.0,0.29,0.0,60.0,60.0,120.0,60.0,60.0,60.0,60.0,D:\iWLAN_5GHz_CamAne_SN_BW40MHz\Prueba_Siemens2\Test 6,iWLAN_5GHz_CamAne_SN_BW40MHz,iPCF2_OFF_iWLAN,C:\Users\rarriaga\Documents\ipcf_2 analisis\ALL_SN_RESULTS_FINAL\per_configuration\iWLAN_5GHz_CamAne_SN_BW40MHz
iWLAN,5GHz,CamAne,SN,40,6,iperf_tcp,2025-11-25 18:47:24.000,2025-11-25 18:50:24.000,180.0,60.0,120.0,achieved_tcp_sender_throughput,60.0,120.0,60.0,120.0,iperf3_udp_sender,OK_UDP_FFMPEG_MATCH,Reference load taken from rate-controlled UDP sender summary (60 Mbps/STA). ffmpeg target=60 Mbps/STA; difference=0.000% <= tolerance 2.000%. TCP is retained as achieved throughput and is not required to match the reference load.,0.0,60.0,60.0,100.0,100.0,60.0,60.0,0.29,0.0,60.0,60.0,120.0,60.0,60.0,60.0,60.0,D:\iWLAN_5GHz_CamAne_SN_BW40MHz\Prueba_Siemens2\Test 6,iWLAN_5GHz_CamAne_SN_BW40MHz,iPCF2_OFF_iWLAN,C:\Users\rarriaga\Documents\ipcf_2 analisis\ALL_SN_RESULTS_FINAL\per_configuration\iWLAN_5GHz_CamAne_SN_BW40MHz
iWLAN,5GHz,CamAne,SN,40,6,iperf_udp,2025-11-25 18:50:24.000,2025-11-25 18:53:24.000,180.0,60.0,120.0,controlled_udp_offered_rate,60.0,120.0,60.0,120.0,iperf3_udp_sender,OK_UDP_FFMPEG_MATCH,Reference load taken from rate-controlled UDP sender summary (60 Mbps/STA). ffmpeg target=60 Mbps/STA; difference=0.000% <= tolerance 2.000%. TCP is retained as achieved throughput and is not required to match the reference load.,0.0,60.0,60.0,100.0,100.0,60.0,60.0,0.29,0.0,60.0,60.0,120.0,60.0,60.0,60.0,60.0,D:\iWLAN_5GHz_CamAne_SN_BW40MHz\Prueba_Siemens2\Test 6,iWLAN_5GHz_CamAne_SN_BW40MHz,iPCF2_OFF_iWLAN,C:\Users\rarriaga\Documents\ipcf_2 analisis\ALL_SN_RESULTS_FINAL\per_configuration\iWLAN_5GHz_CamAne_SN_BW40MHz
iWLAN,5GHz,CamAne,SN,40,8,ffmpeg_udp,2025-11-25 19:52:42.000,2025-11-25 19:55:42.000,180.0,80.0,160.0,ffmpeg_sdp_target_rate,80.0,160.0,80.0,160.0,iperf3_udp_sender,OK_UDP_FFMPEG_MATCH,Reference load taken from rate-controlled UDP sender summary (80 Mbps/STA). ffmpeg target=80 Mbps/STA; difference=0.000% <= tolerance 2.000%. TCP is retained as achieved throughput and is not required to match the reference load.,0.0,80.0,80.0,100.0,100.0,80.0,80.0,0.211,0.0,80.0,80.0,160.0,80.0,80.0,80.0,80.0,D:\iWLAN_5GHz_CamAne_SN_BW40MHz\Prueba_Siemens2\Test 8,iWLAN_5GHz_CamAne_SN_BW40MHz,iPCF2_OFF_iWLAN,C:\Users\rarriaga\Documents\ipcf_2 analisis\ALL_SN_RESULTS_FINAL\per_configuration\iWLAN_5GHz_CamAne_SN_BW40MHz
iWLAN,5GHz,CamAne,SN,40,8,idle,2025-11-25 19:46:33.000,2025-11-25 19:46:42.000,9.0,,,,,,80.0,160.0,iperf3_udp_sender,OK_UDP_FFMPEG_MATCH,Reference load taken from rate-controlled UDP sender summary (80 Mbps/STA). ffmpeg target=80 Mbps/STA; difference=0.000% <= tolerance 2.000%. TCP is retained as achieved throughput and is not required to match the reference load.,0.0,80.0,80.0,100.0,100.0,80.0,80.0,0.211,0.0,80.0,80.0,160.0,80.0,80.0,80.0,80.0,D:\iWLAN_5GHz_CamAne_SN_BW40MHz\Prueba_Siemens2\Test 8,iWLAN_5GHz_CamAne_SN_BW40MHz,iPCF2_OFF_iWLAN,C:\Users\rarriaga\Documents\ipcf_2 analisis\ALL_SN_RESULTS_FINAL\per_configuration\iWLAN_5GHz_CamAne_SN_BW40MHz
iWLAN,5GHz,CamAne,SN,40,8,iperf_tcp,2025-11-25 19:46:42.000,2025-11-25 19:49:42.000,180.0,80.0,160.0,achieved_tcp_sender_throughput,80.0,160.0,80.0,160.0,iperf3_udp_sender,OK_UDP_FFMPEG_MATCH,Reference load taken from rate-controlled UDP sender summary (80 Mbps/STA). ffmpeg target=80 Mbps/STA; difference=0.000% <= tolerance 2.000%. TCP is retained as achieved throughput and is not required to match the reference load.,0.0,80.0,80.0,100.0,100.0,80.0,80.0,0.211,0.0,80.0,80.0,160.0,80.0,80.0,80.0,80.0,D:\iWLAN_5GHz_CamAne_SN_BW40MHz\Prueba_Siemens2\Test 8,iWLAN_5GHz_CamAne_SN_BW40MHz,iPCF2_OFF_iWLAN,C:\Users\rarriaga\Documents\ipcf_2 analisis\ALL_SN_RESULTS_FINAL\per_configuration\iWLAN_5GHz_CamAne_SN_BW40MHz
iWLAN,5GHz,CamAne,SN,40,8,iperf_udp,2025-11-25 19:49:42.000,2025-11-25 19:52:42.000,180.0,80.0,160.0,controlled_udp_offered_rate,80.0,160.0,80.0,160.0,iperf3_udp_sender,OK_UDP_FFMPEG_MATCH,Reference load taken from rate-controlled UDP sender summary (80 Mbps/STA). ffmpeg target=80 Mbps/STA; difference=0.000% <= tolerance 2.000%. TCP is retained as achieved throughput and is not required to match the reference load.,0.0,80.0,80.0,100.0,100.0,80.0,80.0,0.211,0.0,80.0,80.0,160.0,80.0,80.0,80.0,80.0,D:\iWLAN_5GHz_CamAne_SN_BW40MHz\Prueba_Siemens2\Test 8,iWLAN_5GHz_CamAne_SN_BW40MHz,iPCF2_OFF_iWLAN,C:\Users\rarriaga\Documents\ipcf_2 analisis\ALL_SN_RESULTS_FINAL\per_configuration\iWLAN_5GHz_CamAne_SN_BW40MHz
iWLAN,5GHz,CamAne,SN,40,9,ffmpeg_udp,2025-11-25 20:20:04.000,2025-11-25 20:23:04.000,180.0,90.0,180.0,ffmpeg_sdp_target_rate,90.0,180.0,90.0,180.0,iperf3_udp_sender,OK_UDP_FFMPEG_MATCH,Reference load taken from rate-controlled UDP sender summary (90 Mbps/STA). ffmpeg target=90 Mbps/STA; difference=0.000% <= tolerance 2.000%. TCP is retained as achieved throughput and is not required to match the reference load.,0.0,90.0,90.0,100.0,100.0,90.0,90.0,0.155,0.00021,90.0,90.0,180.0,90.0,90.0,90.0,90.0,D:\iWLAN_5GHz_CamAne_SN_BW40MHz\Prueba_Siemens2\Test 9,iWLAN_5GHz_CamAne_SN_BW40MHz,iPCF2_OFF_iWLAN,C:\Users\rarriaga\Documents\ipcf_2 analisis\ALL_SN_RESULTS_FINAL\per_configuration\iWLAN_5GHz_CamAne_SN_BW40MHz
iWLAN,5GHz,CamAne,SN,40,9,idle,2025-11-25 20:13:55.000,2025-11-25 20:14:04.000,9.0,,,,,,90.0,180.0,iperf3_udp_sender,OK_UDP_FFMPEG_MATCH,Reference load taken from rate-controlled UDP sender summary (90 Mbps/STA). ffmpeg target=90 Mbps/STA; difference=0.000% <= tolerance 2.000%. TCP is retained as achieved throughput and is not required to match the reference load.,0.0,90.0,90.0,100.0,100.0,90.0,90.0,0.155,0.00021,90.0,90.0,180.0,90.0,90.0,90.0,90.0,D:\iWLAN_5GHz_CamAne_SN_BW40MHz\Prueba_Siemens2\Test 9,iWLAN_5GHz_CamAne_SN_BW40MHz,iPCF2_OFF_iWLAN,C:\Users\rarriaga\Documents\ipcf_2 analisis\ALL_SN_RESULTS_FINAL\per_configuration\iWLAN_5GHz_CamAne_SN_BW40MHz
iWLAN,5GHz,CamAne,SN,40,9,iperf_tcp,2025-11-25 20:14:04.000,2025-11-25 20:17:04.000,180.0,90.0,180.0,achieved_tcp_sender_throughput,90.0,180.0,90.0,180.0,iperf3_udp_sender,OK_UDP_FFMPEG_MATCH,Reference load taken from rate-controlled UDP sender summary (90 Mbps/STA). ffmpeg target=90 Mbps/STA; difference=0.000% <= tolerance 2.000%. TCP is retained as achieved throughput and is not required to match the reference load.,0.0,90.0,90.0,100.0,100.0,90.0,90.0,0.155,0.00021,90.0,90.0,180.0,90.0,90.0,90.0,90.0,D:\iWLAN_5GHz_CamAne_SN_BW40MHz\Prueba_Siemens2\Test 9,iWLAN_5GHz_CamAne_SN_BW40MHz,iPCF2_OFF_iWLAN,C:\Users\rarriaga\Documents\ipcf_2 analisis\ALL_SN_RESULTS_FINAL\per_configuration\iWLAN_5GHz_CamAne_SN_BW40MHz
iWLAN,5GHz,CamAne,SN,40,9,iperf_udp,2025-11-25 20:17:04.000,2025-11-25 20:20:04.000,180.0,90.0,180.0,controlled_udp_offered_rate,90.0,180.0,90.0,180.0,iperf3_udp_sender,OK_UDP_FFMPEG_MATCH,Reference load taken from rate-controlled UDP sender summary (90 Mbps/STA). ffmpeg target=90 Mbps/STA; difference=0.000% <= tolerance 2.000%. TCP is retained as achieved throughput and is not required to match the reference load.,0.0,90.0,90.0,100.0,100.0,90.0,90.0,0.155,0.00021,90.0,90.0,180.0,90.0,90.0,90.0,90.0,D:\iWLAN_5GHz_CamAne_SN_BW40MHz\Prueba_Siemens2\Test 9,iWLAN_5GHz_CamAne_SN_BW40MHz,iPCF2_OFF_iWLAN,C:\Users\rarriaga\Documents\ipcf_2 analisis\ALL_SN_RESULTS_FINAL\per_configuration\iWLAN_5GHz_CamAne_SN_BW40MHz
iWLAN,5GHz,CamAne,SN,40,10,ffmpeg_udp,2025-11-26 12:49:50.000,2025-11-26 12:49:54.000,4.0,120.0,240.0,ffmpeg_sdp_target_rate,120.0,240.0,120.0,240.0,iperf3_udp_sender,OK_UDP_FFMPEG_MATCH,Reference load taken from rate-controlled UDP sender summary (120 Mbps/STA). ffmpeg target=120 Mbps/STA; difference=0.000% <= tolerance 2.000%. TCP is retained as achieved throughput and is not required to match the reference load.,0.0,96.9,96.8,80.75,80.66666666666667,120.0,112.0,0.106,6.5,120.0,120.0,240.0,96.9,96.8,120.0,112.0,D:\iWLAN_5GHz_CamAne_SN_BW40MHz\Prueba_Siemens2\Test 10,iWLAN_5GHz_CamAne_SN_BW40MHz,iPCF2_OFF_iWLAN,C:\Users\rarriaga\Documents\ipcf_2 analisis\ALL_SN_RESULTS_FINAL\per_configuration\iWLAN_5GHz_CamAne_SN_BW40MHz
iWLAN,5GHz,CamAne,SN,40,10,idle,2025-11-26 12:43:41.000,2025-11-26 12:43:50.000,9.0,,,,,,120.0,240.0,iperf3_udp_sender,OK_UDP_FFMPEG_MATCH,Reference load taken from rate-controlled UDP sender summary (120 Mbps/STA). ffmpeg target=120 Mbps/STA; difference=0.000% <= tolerance 2.000%. TCP is retained as achieved throughput and is not required to match the reference load.,0.0,96.9,96.8,80.75,80.66666666666667,120.0,112.0,0.106,6.5,120.0,120.0,240.0,96.9,96.8,120.0,112.0,D:\iWLAN_5GHz_CamAne_SN_BW40MHz\Prueba_Siemens2\Test 10,iWLAN_5GHz_CamAne_SN_BW40MHz,iPCF2_OFF_iWLAN,C:\Users\rarriaga\Documents\ipcf_2 analisis\ALL_SN_RESULTS_FINAL\per_configuration\iWLAN_5GHz_CamAne_SN_BW40MHz
iWLAN,5GHz,CamAne,SN,40,10,iperf_tcp,2025-11-26 12:43:50.000,2025-11-26 12:46:50.000,180.0,96.9,193.8,achieved_tcp_sender_throughput,96.9,193.8,120.0,240.0,iperf3_udp_sender,OK_UDP_FFMPEG_MATCH,Reference load taken from rate-controlled UDP sender summary (120 Mbps/STA). ffmpeg target=120 Mbps/STA; difference=0.000% <= tolerance 2.000%. TCP is retained as achieved throughput and is not required to match the reference load.,0.0,96.9,96.8,80.75,80.66666666666667,120.0,112.0,0.106,6.5,120.0,120.0,240.0,96.9,96.8,120.0,112.0,D:\iWLAN_5GHz_CamAne_SN_BW40MHz\Prueba_Siemens2\Test 10,iWLAN_5GHz_CamAne_SN_BW40MHz,iPCF2_OFF_iWLAN,C:\Users\rarriaga\Documents\ipcf_2 analisis\ALL_SN_RESULTS_FINAL\per_configuration\iWLAN_5GHz_CamAne_SN_BW40MHz
iWLAN,5GHz,CamAne,SN,40,10,iperf_udp,2025-11-26 12:46:50.000,2025-11-26 12:49:50.000,180.0,120.0,240.0,controlled_udp_offered_rate,120.0,240.0,120.0,240.0,iperf3_udp_sender,OK_UDP_FFMPEG_MATCH,Reference load taken from rate-controlled UDP sender summary (120 Mbps/STA). ffmpeg target=120 Mbps/STA; difference=0.000% <= tolerance 2.000%. TCP is retained as achieved throughput and is not required to match the reference load.,0.0,96.9,96.8,80.75,80.66666666666667,120.0,112.0,0.106,6.5,120.0,120.0,240.0,96.9,96.8,120.0,112.0,D:\iWLAN_5GHz_CamAne_SN_BW40MHz\Prueba_Siemens2\Test 10,iWLAN_5GHz_CamAne_SN_BW40MHz,iPCF2_OFF_iWLAN,C:\Users\rarriaga\Documents\ipcf_2 analisis\ALL_SN_RESULTS_FINAL\per_configuration\iWLAN_5GHz_CamAne_SN_BW40MHz
iWLAN,5GHz,CamAne,SN,80,1,ffmpeg_udp,2025-11-26 13:25:36.000,2025-11-26 13:28:36.000,180.0,20.0,40.0,ffmpeg_sdp_target_rate,20.0,40.0,20.0,40.0,iperf3_udp_sender,OK_UDP_FFMPEG_MATCH,Reference load taken from rate-controlled UDP sender summary (20 Mbps/STA). ffmpeg target=20 Mbps/STA; difference=0.000% <= tolerance 2.000%. TCP is retained as achieved throughput and is not required to match the reference load.,0.0,20.0,20.0,100.0,100.0,20.0,20.0,0.312,0.0,20.0,20.0,40.0,20.0,20.0,20.0,20.0,D:\iWLAN_5GHz_CamAne_SN_BW80MHz\Prueba_Siemens2\Test 1,iWLAN_5GHz_CamAne_SN_BW80MHz,iPCF2_OFF_iWLAN,C:\Users\rarriaga\Documents\ipcf_2 analisis\ALL_SN_RESULTS_FINAL\per_configuration\iWLAN_5GHz_CamAne_SN_BW80MHz
iWLAN,5GHz,CamAne,SN,80,1,idle,2025-11-26 13:16:37.000,2025-11-26 13:19:36.000,179.0,,,,,,20.0,40.0,iperf3_udp_sender,OK_UDP_FFMPEG_MATCH,Reference load taken from rate-controlled UDP sender summary (20 Mbps/STA). ffmpeg target=20 Mbps/STA; difference=0.000% <= tolerance 2.000%. TCP is retained as achieved throughput and is not required to match the reference load.,0.0,20.0,20.0,100.0,100.0,20.0,20.0,0.312,0.0,20.0,20.0,40.0,20.0,20.0,20.0,20.0,D:\iWLAN_5GHz_CamAne_SN_BW80MHz\Prueba_Siemens2\Test 1,iWLAN_5GHz_CamAne_SN_BW80MHz,iPCF2_OFF_iWLAN,C:\Users\rarriaga\Documents\ipcf_2 analisis\ALL_SN_RESULTS_FINAL\per_configuration\iWLAN_5GHz_CamAne_SN_BW80MHz
iWLAN,5GHz,CamAne,SN,80,1,iperf_tcp,2025-11-26 13:19:36.000,2025-11-26 13:22:36.000,180.0,20.0,40.0,achieved_tcp_sender_throughput,20.0,40.0,20.0,40.0,iperf3_udp_sender,OK_UDP_FFMPEG_MATCH,Reference load taken from rate-controlled UDP sender summary (20 Mbps/STA). ffmpeg target=20 Mbps/STA; difference=0.000% <= tolerance 2.000%. TCP is retained as achieved throughput and is not required to match the reference load.,0.0,20.0,20.0,100.0,100.0,20.0,20.0,0.312,0.0,20.0,20.0,40.0,20.0,20.0,20.0,20.0,D:\iWLAN_5GHz_CamAne_SN_BW80MHz\Prueba_Siemens2\Test 1,iWLAN_5GHz_CamAne_SN_BW80MHz,iPCF2_OFF_iWLAN,C:\Users\rarriaga\Documents\ipcf_2 analisis\ALL_SN_RESULTS_FINAL\per_configuration\iWLAN_5GHz_CamAne_SN_BW80MHz
iWLAN,5GHz,CamAne,SN,80,1,iperf_udp,2025-11-26 13:22:36.000,2025-11-26 13:25:36.000,180.0,20.0,40.0,controlled_udp_offered_rate,20.0,40.0,20.0,40.0,iperf3_udp_sender,OK_UDP_FFMPEG_MATCH,Reference load taken from rate-controlled UDP sender summary (20 Mbps/STA). ffmpeg target=20 Mbps/STA; difference=0.000% <= tolerance 2.000%. TCP is retained as achieved throughput and is not required to match the reference load.,0.0,20.0,20.0,100.0,100.0,20.0,20.0,0.312,0.0,20.0,20.0,40.0,20.0,20.0,20.0,20.0,D:\iWLAN_5GHz_CamAne_SN_BW80MHz\Prueba_Siemens2\Test 1,iWLAN_5GHz_CamAne_SN_BW80MHz,iPCF2_OFF_iWLAN,C:\Users\rarriaga\Documents\ipcf_2 analisis\ALL_SN_RESULTS_FINAL\per_configuration\iWLAN_5GHz_CamAne_SN_BW80MHz
iWLAN,5GHz,CamAne,SN,80,2,ffmpeg_udp,2025-11-26 13:36:44.000,2025-11-26 13:39:44.000,180.0,40.0,80.0,ffmpeg_sdp_target_rate,40.0,80.0,40.0,80.0,iperf3_udp_sender,OK_UDP_FFMPEG_MATCH,Reference load taken from rate-controlled UDP sender summary (40 Mbps/STA). ffmpeg target=40 Mbps/STA; difference=0.000% <= tolerance 2.000%. TCP is retained as achieved throughput and is not required to match the reference load.,0.0,40.0,40.0,100.0,100.0,40.0,40.0,0.363,0.0,40.0,40.0,80.0,40.0,40.0,40.0,40.0,D:\iWLAN_5GHz_CamAne_SN_BW80MHz\Prueba_Siemens2\Test 2,iWLAN_5GHz_CamAne_SN_BW80MHz,iPCF2_OFF_iWLAN,C:\Users\rarriaga\Documents\ipcf_2 analisis\ALL_SN_RESULTS_FINAL\per_configuration\iWLAN_5GHz_CamAne_SN_BW80MHz
iWLAN,5GHz,CamAne,SN,80,2,idle,2025-11-26 13:30:34.000,2025-11-26 13:30:43.000,9.0,,,,,,40.0,80.0,iperf3_udp_sender,OK_UDP_FFMPEG_MATCH,Reference load taken from rate-controlled UDP sender summary (40 Mbps/STA). ffmpeg target=40 Mbps/STA; difference=0.000% <= tolerance 2.000%. TCP is retained as achieved throughput and is not required to match the reference load.,0.0,40.0,40.0,100.0,100.0,40.0,40.0,0.363,0.0,40.0,40.0,80.0,40.0,40.0,40.0,40.0,D:\iWLAN_5GHz_CamAne_SN_BW80MHz\Prueba_Siemens2\Test 2,iWLAN_5GHz_CamAne_SN_BW80MHz,iPCF2_OFF_iWLAN,C:\Users\rarriaga\Documents\ipcf_2 analisis\ALL_SN_RESULTS_FINAL\per_configuration\iWLAN_5GHz_CamAne_SN_BW80MHz
iWLAN,5GHz,CamAne,SN,80,2,iperf_tcp,2025-11-26 13:30:43.000,2025-11-26 13:33:43.000,180.0,40.0,80.0,achieved_tcp_sender_throughput,40.0,80.0,40.0,80.0,iperf3_udp_sender,OK_UDP_FFMPEG_MATCH,Reference load taken from rate-controlled UDP sender summary (40 Mbps/STA). ffmpeg target=40 Mbps/STA; difference=0.000% <= tolerance 2.000%. TCP is retained as achieved throughput and is not required to match the reference load.,0.0,40.0,40.0,100.0,100.0,40.0,40.0,0.363,0.0,40.0,40.0,80.0,40.0,40.0,40.0,40.0,D:\iWLAN_5GHz_CamAne_SN_BW80MHz\Prueba_Siemens2\Test 2,iWLAN_5GHz_CamAne_SN_BW80MHz,iPCF2_OFF_iWLAN,C:\Users\rarriaga\Documents\ipcf_2 analisis\ALL_SN_RESULTS_FINAL\per_configuration\iWLAN_5GHz_CamAne_SN_BW80MHz
iWLAN,5GHz,CamAne,SN,80,2,iperf_udp,2025-11-26 13:33:43.000,2025-11-26 13:36:43.000,180.0,40.0,80.0,controlled_udp_offered_rate,40.0,80.0,40.0,80.0,iperf3_udp_sender,OK_UDP_FFMPEG_MATCH,Reference load taken from rate-controlled UDP sender summary (40 Mbps/STA). ffmpeg target=40 Mbps/STA; difference=0.000% <= tolerance 2.000%. TCP is retained as achieved throughput and is not required to match the reference load.,0.0,40.0,40.0,100.0,100.0,40.0,40.0,0.363,0.0,40.0,40.0,80.0,40.0,40.0,40.0,40.0,D:\iWLAN_5GHz_CamAne_SN_BW80MHz\Prueba_Siemens2\Test 2,iWLAN_5GHz_CamAne_SN_BW80MHz,iPCF2_OFF_iWLAN,C:\Users\rarriaga\Documents\ipcf_2 analisis\ALL_SN_RESULTS_FINAL\per_configuration\iWLAN_5GHz_CamAne_SN_BW80MHz
iWLAN,5GHz,CamAne,SN,80,3,ffmpeg_udp,2025-11-26 13:50:30.000,2025-11-26 13:53:30.000,180.0,60.0,120.0,ffmpeg_sdp_target_rate,60.0,120.0,60.0,120.0,iperf3_udp_sender,OK_UDP_FFMPEG_MATCH,Reference load taken from rate-controlled UDP sender summary (60 Mbps/STA). ffmpeg target=60 Mbps/STA; difference=0.000% <= tolerance 2.000%. TCP is retained as achieved throughput and is not required to match the reference load.,0.0,60.0,60.0,100.0,100.0,60.0,60.0,0.281,0.0,60.0,60.0,120.0,60.0,60.0,60.0,60.0,D:\iWLAN_5GHz_CamAne_SN_BW80MHz\Prueba_Siemens2\Test 3,iWLAN_5GHz_CamAne_SN_BW80MHz,iPCF2_OFF_iWLAN,C:\Users\rarriaga\Documents\ipcf_2 analisis\ALL_SN_RESULTS_FINAL\per_configuration\iWLAN_5GHz_CamAne_SN_BW80MHz
iWLAN,5GHz,CamAne,SN,80,3,idle,2025-11-26 13:44:21.000,2025-11-26 13:44:30.000,9.0,,,,,,60.0,120.0,iperf3_udp_sender,OK_UDP_FFMPEG_MATCH,Reference load taken from rate-controlled UDP sender summary (60 Mbps/STA). ffmpeg target=60 Mbps/STA; difference=0.000% <= tolerance 2.000%. TCP is retained as achieved throughput and is not required to match the reference load.,0.0,60.0,60.0,100.0,100.0,60.0,60.0,0.281,0.0,60.0,60.0,120.0,60.0,60.0,60.0,60.0,D:\iWLAN_5GHz_CamAne_SN_BW80MHz\Prueba_Siemens2\Test 3,iWLAN_5GHz_CamAne_SN_BW80MHz,iPCF2_OFF_iWLAN,C:\Users\rarriaga\Documents\ipcf_2 analisis\ALL_SN_RESULTS_FINAL\per_configuration\iWLAN_5GHz_CamAne_SN_BW80MHz
iWLAN,5GHz,CamAne,SN,80,3,iperf_tcp,2025-11-26 13:44:30.000,2025-11-26 13:47:30.000,180.0,60.0,120.0,achieved_tcp_sender_throughput,60.0,120.0,60.0,120.0,iperf3_udp_sender,OK_UDP_FFMPEG_MATCH,Reference load taken from rate-controlled UDP sender summary (60 Mbps/STA). ffmpeg target=60 Mbps/STA; difference=0.000% <= tolerance 2.000%. TCP is retained as achieved throughput and is not required to match the reference load.,0.0,60.0,60.0,100.0,100.0,60.0,60.0,0.281,0.0,60.0,60.0,120.0,60.0,60.0,60.0,60.0,D:\iWLAN_5GHz_CamAne_SN_BW80MHz\Prueba_Siemens2\Test 3,iWLAN_5GHz_CamAne_SN_BW80MHz,iPCF2_OFF_iWLAN,C:\Users\rarriaga\Documents\ipcf_2 analisis\ALL_SN_RESULTS_FINAL\per_configuration\iWLAN_5GHz_CamAne_SN_BW80MHz
iWLAN,5GHz,CamAne,SN,80,3,iperf_udp,2025-11-26 13:47:30.000,2025-11-26 13:50:30.000,180.0,60.0,120.0,controlled_udp_offered_rate,60.0,120.0,60.0,120.0,iperf3_udp_sender,OK_UDP_FFMPEG_MATCH,Reference load taken from rate-controlled UDP sender summary (60 Mbps/STA). ffmpeg target=60 Mbps/STA; difference=0.000% <= tolerance 2.000%. TCP is retained as achieved throughput and is not required to match the reference load.,0.0,60.0,60.0,100.0,100.0,60.0,60.0,0.281,0.0,60.0,60.0,120.0,60.0,60.0,60.0,60.0,D:\iWLAN_5GHz_CamAne_SN_BW80MHz\Prueba_Siemens2\Test 3,iWLAN_5GHz_CamAne_SN_BW80MHz,iPCF2_OFF_iWLAN,C:\Users\rarriaga\Documents\ipcf_2 analisis\ALL_SN_RESULTS_FINAL\per_configuration\iWLAN_5GHz_CamAne_SN_BW80MHz
iWLAN,5GHz,CamAne,SN,80,4,ffmpeg_udp,2025-11-26 14:01:45.000,2025-11-26 14:04:45.000,180.0,80.0,160.0,ffmpeg_sdp_target_rate,80.0,160.0,80.0,160.0,iperf3_udp_sender,OK_UDP_FFMPEG_MATCH,Reference load taken from rate-controlled UDP sender summary (80 Mbps/STA). ffmpeg target=80 Mbps/STA; difference=0.000% <= tolerance 2.000%. TCP is retained as achieved throughput and is not required to match the reference load.,0.0,80.0,80.0,100.0,100.0,80.0,80.0,0.209,0.0,80.0,80.0,160.0,80.0,80.0,80.0,80.0,D:\iWLAN_5GHz_CamAne_SN_BW80MHz\Prueba_Siemens2\Test 4,iWLAN_5GHz_CamAne_SN_BW80MHz,iPCF2_OFF_iWLAN,C:\Users\rarriaga\Documents\ipcf_2 analisis\ALL_SN_RESULTS_FINAL\per_configuration\iWLAN_5GHz_CamAne_SN_BW80MHz
iWLAN,5GHz,CamAne,SN,80,4,idle,2025-11-26 13:55:34.000,2025-11-26 13:55:43.000,9.0,,,,,,80.0,160.0,iperf3_udp_sender,OK_UDP_FFMPEG_MATCH,Reference load taken from rate-controlled UDP sender summary (80 Mbps/STA). ffmpeg target=80 Mbps/STA; difference=0.000% <= tolerance 2.000%. TCP is retained as achieved throughput and is not required to match the reference load.,0.0,80.0,80.0,100.0,100.0,80.0,80.0,0.209,0.0,80.0,80.0,160.0,80.0,80.0,80.0,80.0,D:\iWLAN_5GHz_CamAne_SN_BW80MHz\Prueba_Siemens2\Test 4,iWLAN_5GHz_CamAne_SN_BW80MHz,iPCF2_OFF_iWLAN,C:\Users\rarriaga\Documents\ipcf_2 analisis\ALL_SN_RESULTS_FINAL\per_configuration\iWLAN_5GHz_CamAne_SN_BW80MHz
iWLAN,5GHz,CamAne,SN,80,4,iperf_tcp,2025-11-26 13:55:43.000,2025-11-26 13:58:43.000,180.0,80.0,160.0,achieved_tcp_sender_throughput,80.0,160.0,80.0,160.0,iperf3_udp_sender,OK_UDP_FFMPEG_MATCH,Reference load taken from rate-controlled UDP sender summary (80 Mbps/STA). ffmpeg target=80 Mbps/STA; difference=0.000% <= tolerance 2.000%. TCP is retained as achieved throughput and is not required to match the reference load.,0.0,80.0,80.0,100.0,100.0,80.0,80.0,0.209,0.0,80.0,80.0,160.0,80.0,80.0,80.0,80.0,D:\iWLAN_5GHz_CamAne_SN_BW80MHz\Prueba_Siemens2\Test 4,iWLAN_5GHz_CamAne_SN_BW80MHz,iPCF2_OFF_iWLAN,C:\Users\rarriaga\Documents\ipcf_2 analisis\ALL_SN_RESULTS_FINAL\per_configuration\iWLAN_5GHz_CamAne_SN_BW80MHz
iWLAN,5GHz,CamAne,SN,80,4,iperf_udp,2025-11-26 13:58:43.000,2025-11-26 14:01:43.000,180.0,80.0,160.0,controlled_udp_offered_rate,80.0,160.0,80.0,160.0,iperf3_udp_sender,OK_UDP_FFMPEG_MATCH,Reference load taken from rate-controlled UDP sender summary (80 Mbps/STA). ffmpeg target=80 Mbps/STA; difference=0.000% <= tolerance 2.000%. TCP is retained as achieved throughput and is not required to match the reference load.,0.0,80.0,80.0,100.0,100.0,80.0,80.0,0.209,0.0,80.0,80.0,160.0,80.0,80.0,80.0,80.0,D:\iWLAN_5GHz_CamAne_SN_BW80MHz\Prueba_Siemens2\Test 4,iWLAN_5GHz_CamAne_SN_BW80MHz,iPCF2_OFF_iWLAN,C:\Users\rarriaga\Documents\ipcf_2 analisis\ALL_SN_RESULTS_FINAL\per_configuration\iWLAN_5GHz_CamAne_SN_BW80MHz
iWLAN,5GHz,CamAne,SN,80,5,ffmpeg_udp,2025-11-26 14:12:38.000,2025-11-26 14:15:38.000,180.0,100.0,200.0,ffmpeg_sdp_target_rate,100.0,200.0,100.0,200.0,iperf3_udp_sender,OK_UDP_FFMPEG_MATCH,Reference load taken from rate-controlled UDP sender summary (100 Mbps/STA). ffmpeg target=100 Mbps/STA; difference=0.000% <= tolerance 2.000%. TCP is retained as achieved throughput and is not required to match the reference load.,0.0,100.0,100.0,100.0,100.0,100.0,100.0,0.175,0.0,100.0,100.0,200.0,100.0,100.0,100.0,100.0,D:\iWLAN_5GHz_CamAne_SN_BW80MHz\Prueba_Siemens2\Test 5,iWLAN_5GHz_CamAne_SN_BW80MHz,iPCF2_OFF_iWLAN,C:\Users\rarriaga\Documents\ipcf_2 analisis\ALL_SN_RESULTS_FINAL\per_configuration\iWLAN_5GHz_CamAne_SN_BW80MHz
iWLAN,5GHz,CamAne,SN,80,5,idle,2025-11-26 14:06:29.000,2025-11-26 14:06:38.000,9.0,,,,,,100.0,200.0,iperf3_udp_sender,OK_UDP_FFMPEG_MATCH,Reference load taken from rate-controlled UDP sender summary (100 Mbps/STA). ffmpeg target=100 Mbps/STA; difference=0.000% <= tolerance 2.000%. TCP is retained as achieved throughput and is not required to match the reference load.,0.0,100.0,100.0,100.0,100.0,100.0,100.0,0.175,0.0,100.0,100.0,200.0,100.0,100.0,100.0,100.0,D:\iWLAN_5GHz_CamAne_SN_BW80MHz\Prueba_Siemens2\Test 5,iWLAN_5GHz_CamAne_SN_BW80MHz,iPCF2_OFF_iWLAN,C:\Users\rarriaga\Documents\ipcf_2 analisis\ALL_SN_RESULTS_FINAL\per_configuration\iWLAN_5GHz_CamAne_SN_BW80MHz
iWLAN,5GHz,CamAne,SN,80,5,iperf_tcp,2025-11-26 14:06:38.000,2025-11-26 14:09:38.000,180.0,100.0,200.0,achieved_tcp_sender_throughput,100.0,200.0,100.0,200.0,iperf3_udp_sender,OK_UDP_FFMPEG_MATCH,Reference load taken from rate-controlled UDP sender summary (100 Mbps/STA). ffmpeg target=100 Mbps/STA; difference=0.000% <= tolerance 2.000%. TCP is retained as achieved throughput and is not required to match the reference load.,0.0,100.0,100.0,100.0,100.0,100.0,100.0,0.175,0.0,100.0,100.0,200.0,100.0,100.0,100.0,100.0,D:\iWLAN_5GHz_CamAne_SN_BW80MHz\Prueba_Siemens2\Test 5,iWLAN_5GHz_CamAne_SN_BW80MHz,iPCF2_OFF_iWLAN,C:\Users\rarriaga\Documents\ipcf_2 analisis\ALL_SN_RESULTS_FINAL\per_configuration\iWLAN_5GHz_CamAne_SN_BW80MHz
iWLAN,5GHz,CamAne,SN,80,5,iperf_udp,2025-11-26 14:09:38.000,2025-11-26 14:12:38.000,180.0,100.0,200.0,controlled_udp_offered_rate,100.0,200.0,100.0,200.0,iperf3_udp_sender,OK_UDP_FFMPEG_MATCH,Reference load taken from rate-controlled UDP sender summary (100 Mbps/STA). ffmpeg target=100 Mbps/STA; difference=0.000% <= tolerance 2.000%. TCP is retained as achieved throughput and is not required to match the reference load.,0.0,100.0,100.0,100.0,100.0,100.0,100.0,0.175,0.0,100.0,100.0,200.0,100.0,100.0,100.0,100.0,D:\iWLAN_5GHz_CamAne_SN_BW80MHz\Prueba_Siemens2\Test 5,iWLAN_5GHz_CamAne_SN_BW80MHz,iPCF2_OFF_iWLAN,C:\Users\rarriaga\Documents\ipcf_2 analisis\ALL_SN_RESULTS_FINAL\per_configuration\iWLAN_5GHz_CamAne_SN_BW80MHz
iWLAN,5GHz,CamAne,SN,80,7,ffmpeg_udp,2025-11-25 19:05:02.000,2025-11-25 19:08:02.000,180.0,70.0,140.0,ffmpeg_sdp_target_rate,70.0,140.0,70.0,140.0,iperf3_udp_sender,OK_UDP_FFMPEG_MATCH,Reference load taken from rate-controlled UDP sender summary (70 Mbps/STA). ffmpeg target=70 Mbps/STA; difference=0.000% <= tolerance 2.000%. TCP is retained as achieved throughput and is not required to match the reference load.,0.0,70.0,70.0,100.0,100.0,70.0,70.0,0.233,0.0,70.0,70.0,140.0,70.0,70.0,70.0,70.0,D:\iWLAN_5GHz_CamAne_SN_BW80MHz\Prueba_Siemens2\Test 7,iWLAN_5GHz_CamAne_SN_BW80MHz,iPCF2_OFF_iWLAN,C:\Users\rarriaga\Documents\ipcf_2 analisis\ALL_SN_RESULTS_FINAL\per_configuration\iWLAN_5GHz_CamAne_SN_BW80MHz
iWLAN,5GHz,CamAne,SN,80,7,idle,2025-11-25 18:58:52.000,2025-11-25 18:59:01.000,9.0,,,,,,70.0,140.0,iperf3_udp_sender,OK_UDP_FFMPEG_MATCH,Reference load taken from rate-controlled UDP sender summary (70 Mbps/STA). ffmpeg target=70 Mbps/STA; difference=0.000% <= tolerance 2.000%. TCP is retained as achieved throughput and is not required to match the reference load.,0.0,70.0,70.0,100.0,100.0,70.0,70.0,0.233,0.0,70.0,70.0,140.0,70.0,70.0,70.0,70.0,D:\iWLAN_5GHz_CamAne_SN_BW80MHz\Prueba_Siemens2\Test 7,iWLAN_5GHz_CamAne_SN_BW80MHz,iPCF2_OFF_iWLAN,C:\Users\rarriaga\Documents\ipcf_2 analisis\ALL_SN_RESULTS_FINAL\per_configuration\iWLAN_5GHz_CamAne_SN_BW80MHz
iWLAN,5GHz,CamAne,SN,80,7,iperf_tcp,2025-11-25 18:59:01.000,2025-11-25 19:02:01.000,180.0,70.0,140.0,achieved_tcp_sender_throughput,70.0,140.0,70.0,140.0,iperf3_udp_sender,OK_UDP_FFMPEG_MATCH,Reference load taken from rate-controlled UDP sender summary (70 Mbps/STA). ffmpeg target=70 Mbps/STA; difference=0.000% <= tolerance 2.000%. TCP is retained as achieved throughput and is not required to match the reference load.,0.0,70.0,70.0,100.0,100.0,70.0,70.0,0.233,0.0,70.0,70.0,140.0,70.0,70.0,70.0,70.0,D:\iWLAN_5GHz_CamAne_SN_BW80MHz\Prueba_Siemens2\Test 7,iWLAN_5GHz_CamAne_SN_BW80MHz,iPCF2_OFF_iWLAN,C:\Users\rarriaga\Documents\ipcf_2 analisis\ALL_SN_RESULTS_FINAL\per_configuration\iWLAN_5GHz_CamAne_SN_BW80MHz
iWLAN,5GHz,CamAne,SN,80,7,iperf_udp,2025-11-25 19:02:01.000,2025-11-25 19:05:01.000,180.0,70.0,140.0,controlled_udp_offered_rate,70.0,140.0,70.0,140.0,iperf3_udp_sender,OK_UDP_FFMPEG_MATCH,Reference load taken from rate-controlled UDP sender summary (70 Mbps/STA). ffmpeg target=70 Mbps/STA; difference=0.000% <= tolerance 2.000%. TCP is retained as achieved throughput and is not required to match the reference load.,0.0,70.0,70.0,100.0,100.0,70.0,70.0,0.233,0.0,70.0,70.0,140.0,70.0,70.0,70.0,70.0,D:\iWLAN_5GHz_CamAne_SN_BW80MHz\Prueba_Siemens2\Test 7,iWLAN_5GHz_CamAne_SN_BW80MHz,iPCF2_OFF_iWLAN,C:\Users\rarriaga\Documents\ipcf_2 analisis\ALL_SN_RESULTS_FINAL\per_configuration\iWLAN_5GHz_CamAne_SN_BW80MHz
iWLAN,5GHz,Lab,SN,20,1,ffmpeg_udp,2025-11-25 11:13:19.000,2025-11-25 11:16:19.000,180.0,20.0,40.0,ffmpeg_sdp_target_rate,20.0,40.0,20.0,40.0,iperf3_udp_sender,OK_UDP_FFMPEG_MATCH,Reference load taken from rate-controlled UDP sender summary (20 Mbps/STA). ffmpeg target=20 Mbps/STA; difference=0.000% <= tolerance 2.000%. TCP is retained as achieved throughput and is not required to match the reference load.,0.0,20.0,20.0,100.0,100.0,20.0,20.0,0.309,0.0,20.0,20.0,40.0,20.0,20.0,20.0,20.0,D:\iWLAN_5GHz_Lab_SN_BW20MHz\Prueba_Siemens2\Test 1,iWLAN_5GHz_Lab_SN_BW20MHz,iPCF2_OFF_iWLAN,C:\Users\rarriaga\Documents\ipcf_2 analisis\ALL_SN_RESULTS_FINAL\per_configuration\iWLAN_5GHz_Lab_SN_BW20MHz
iWLAN,5GHz,Lab,SN,20,1,idle,2025-11-25 11:04:19.000,2025-11-25 11:07:19.000,180.0,,,,,,20.0,40.0,iperf3_udp_sender,OK_UDP_FFMPEG_MATCH,Reference load taken from rate-controlled UDP sender summary (20 Mbps/STA). ffmpeg target=20 Mbps/STA; difference=0.000% <= tolerance 2.000%. TCP is retained as achieved throughput and is not required to match the reference load.,0.0,20.0,20.0,100.0,100.0,20.0,20.0,0.309,0.0,20.0,20.0,40.0,20.0,20.0,20.0,20.0,D:\iWLAN_5GHz_Lab_SN_BW20MHz\Prueba_Siemens2\Test 1,iWLAN_5GHz_Lab_SN_BW20MHz,iPCF2_OFF_iWLAN,C:\Users\rarriaga\Documents\ipcf_2 analisis\ALL_SN_RESULTS_FINAL\per_configuration\iWLAN_5GHz_Lab_SN_BW20MHz
iWLAN,5GHz,Lab,SN,20,1,iperf_tcp,2025-11-25 11:07:19.000,2025-11-25 11:10:19.000,180.0,20.0,40.0,achieved_tcp_sender_throughput,20.0,40.0,20.0,40.0,iperf3_udp_sender,OK_UDP_FFMPEG_MATCH,Reference load taken from rate-controlled UDP sender summary (20 Mbps/STA). ffmpeg target=20 Mbps/STA; difference=0.000% <= tolerance 2.000%. TCP is retained as achieved throughput and is not required to match the reference load.,0.0,20.0,20.0,100.0,100.0,20.0,20.0,0.309,0.0,20.0,20.0,40.0,20.0,20.0,20.0,20.0,D:\iWLAN_5GHz_Lab_SN_BW20MHz\Prueba_Siemens2\Test 1,iWLAN_5GHz_Lab_SN_BW20MHz,iPCF2_OFF_iWLAN,C:\Users\rarriaga\Documents\ipcf_2 analisis\ALL_SN_RESULTS_FINAL\per_configuration\iWLAN_5GHz_Lab_SN_BW20MHz
iWLAN,5GHz,Lab,SN,20,1,iperf_udp,2025-11-25 11:10:19.000,2025-11-25 11:13:19.000,180.0,20.0,40.0,controlled_udp_offered_rate,20.0,40.0,20.0,40.0,iperf3_udp_sender,OK_UDP_FFMPEG_MATCH,Reference load taken from rate-controlled UDP sender summary (20 Mbps/STA). ffmpeg target=20 Mbps/STA; difference=0.000% <= tolerance 2.000%. TCP is retained as achieved throughput and is not required to match the reference load.,0.0,20.0,20.0,100.0,100.0,20.0,20.0,0.309,0.0,20.0,20.0,40.0,20.0,20.0,20.0,20.0,D:\iWLAN_5GHz_Lab_SN_BW20MHz\Prueba_Siemens2\Test 1,iWLAN_5GHz_Lab_SN_BW20MHz,iPCF2_OFF_iWLAN,C:\Users\rarriaga\Documents\ipcf_2 analisis\ALL_SN_RESULTS_FINAL\per_configuration\iWLAN_5GHz_Lab_SN_BW20MHz
iWLAN,5GHz,Lab,SN,20,2,ffmpeg_udp,2025-11-25 11:24:06.000,2025-11-25 11:27:06.000,180.0,50.0,100.0,ffmpeg_sdp_target_rate,50.0,100.0,50.0,100.0,iperf3_udp_sender,OK_UDP_FFMPEG_MATCH,Reference load taken from rate-controlled UDP sender summary (50 Mbps/STA). ffmpeg target=50 Mbps/STA; difference=0.000% <= tolerance 2.000%. TCP is retained as achieved throughput and is not required to match the reference load.,0.0,44.2,44.1,88.4,88.2,50.0,49.6,0.229,0.62,50.0,50.0,100.0,44.2,44.1,50.0,49.6,D:\iWLAN_5GHz_Lab_SN_BW20MHz\Prueba_Siemens2\Test 2,iWLAN_5GHz_Lab_SN_BW20MHz,iPCF2_OFF_iWLAN,C:\Users\rarriaga\Documents\ipcf_2 analisis\ALL_SN_RESULTS_FINAL\per_configuration\iWLAN_5GHz_Lab_SN_BW20MHz
iWLAN,5GHz,Lab,SN,20,2,idle,2025-11-25 11:17:56.000,2025-11-25 11:18:05.000,9.0,,,,,,50.0,100.0,iperf3_udp_sender,OK_UDP_FFMPEG_MATCH,Reference load taken from rate-controlled UDP sender summary (50 Mbps/STA). ffmpeg target=50 Mbps/STA; difference=0.000% <= tolerance 2.000%. TCP is retained as achieved throughput and is not required to match the reference load.,0.0,44.2,44.1,88.4,88.2,50.0,49.6,0.229,0.62,50.0,50.0,100.0,44.2,44.1,50.0,49.6,D:\iWLAN_5GHz_Lab_SN_BW20MHz\Prueba_Siemens2\Test 2,iWLAN_5GHz_Lab_SN_BW20MHz,iPCF2_OFF_iWLAN,C:\Users\rarriaga\Documents\ipcf_2 analisis\ALL_SN_RESULTS_FINAL\per_configuration\iWLAN_5GHz_Lab_SN_BW20MHz
iWLAN,5GHz,Lab,SN,20,2,iperf_tcp,2025-11-25 11:18:05.000,2025-11-25 11:21:05.000,180.0,44.2,88.4,achieved_tcp_sender_throughput,44.2,88.4,50.0,100.0,iperf3_udp_sender,OK_UDP_FFMPEG_MATCH,Reference load taken from rate-controlled UDP sender summary (50 Mbps/STA). ffmpeg target=50 Mbps/STA; difference=0.000% <= tolerance 2.000%. TCP is retained as achieved throughput and is not required to match the reference load.,0.0,44.2,44.1,88.4,88.2,50.0,49.6,0.229,0.62,50.0,50.0,100.0,44.2,44.1,50.0,49.6,D:\iWLAN_5GHz_Lab_SN_BW20MHz\Prueba_Siemens2\Test 2,iWLAN_5GHz_Lab_SN_BW20MHz,iPCF2_OFF_iWLAN,C:\Users\rarriaga\Documents\ipcf_2 analisis\ALL_SN_RESULTS_FINAL\per_configuration\iWLAN_5GHz_Lab_SN_BW20MHz
iWLAN,5GHz,Lab,SN,20,2,iperf_udp,2025-11-25 11:21:05.000,2025-11-25 11:24:05.000,180.0,50.0,100.0,controlled_udp_offered_rate,50.0,100.0,50.0,100.0,iperf3_udp_sender,OK_UDP_FFMPEG_MATCH,Reference load taken from rate-controlled UDP sender summary (50 Mbps/STA). ffmpeg target=50 Mbps/STA; difference=0.000% <= tolerance 2.000%. TCP is retained as achieved throughput and is not required to match the reference load.,0.0,44.2,44.1,88.4,88.2,50.0,49.6,0.229,0.62,50.0,50.0,100.0,44.2,44.1,50.0,49.6,D:\iWLAN_5GHz_Lab_SN_BW20MHz\Prueba_Siemens2\Test 2,iWLAN_5GHz_Lab_SN_BW20MHz,iPCF2_OFF_iWLAN,C:\Users\rarriaga\Documents\ipcf_2 analisis\ALL_SN_RESULTS_FINAL\per_configuration\iWLAN_5GHz_Lab_SN_BW20MHz
iWLAN,5GHz,Lab,SN,40,2,ffmpeg_udp,2025-11-25 16:41:03.000,2025-11-25 16:44:03.000,180.0,120.0,240.0,ffmpeg_sdp_target_rate,120.0,240.0,120.0,240.0,iperf3_udp_sender,OK_UDP_FFMPEG_MATCH,Reference load taken from rate-controlled UDP sender summary (120 Mbps/STA). ffmpeg target=120 Mbps/STA; difference=0.000% <= tolerance 2.000%. TCP is retained as achieved throughput and is not required to match the reference load.,0.0,120.0,120.0,100.0,100.0,120.0,106.0,0.098,11.0,120.0,120.0,240.0,120.0,120.0,120.0,106.0,D:\iWLAN_5GHz_Lab_SN_BW40MHz\Prueba_Siemens2\Test 2,iWLAN_5GHz_Lab_SN_BW40MHz,iPCF2_OFF_iWLAN,C:\Users\rarriaga\Documents\ipcf_2 analisis\ALL_SN_RESULTS_FINAL\per_configuration\iWLAN_5GHz_Lab_SN_BW40MHz
iWLAN,5GHz,Lab,SN,40,2,idle,2025-11-25 16:34:54.000,2025-11-25 16:35:03.000,9.0,,,,,,120.0,240.0,iperf3_udp_sender,OK_UDP_FFMPEG_MATCH,Reference load taken from rate-controlled UDP sender summary (120 Mbps/STA). ffmpeg target=120 Mbps/STA; difference=0.000% <= tolerance 2.000%. TCP is retained as achieved throughput and is not required to match the reference load.,0.0,120.0,120.0,100.0,100.0,120.0,106.0,0.098,11.0,120.0,120.0,240.0,120.0,120.0,120.0,106.0,D:\iWLAN_5GHz_Lab_SN_BW40MHz\Prueba_Siemens2\Test 2,iWLAN_5GHz_Lab_SN_BW40MHz,iPCF2_OFF_iWLAN,C:\Users\rarriaga\Documents\ipcf_2 analisis\ALL_SN_RESULTS_FINAL\per_configuration\iWLAN_5GHz_Lab_SN_BW40MHz
iWLAN,5GHz,Lab,SN,40,2,iperf_tcp,2025-11-25 16:35:03.000,2025-11-25 16:38:03.000,180.0,120.0,240.0,achieved_tcp_sender_throughput,120.0,240.0,120.0,240.0,iperf3_udp_sender,OK_UDP_FFMPEG_MATCH,Reference load taken from rate-controlled UDP sender summary (120 Mbps/STA). ffmpeg target=120 Mbps/STA; difference=0.000% <= tolerance 2.000%. TCP is retained as achieved throughput and is not required to match the reference load.,0.0,120.0,120.0,100.0,100.0,120.0,106.0,0.098,11.0,120.0,120.0,240.0,120.0,120.0,120.0,106.0,D:\iWLAN_5GHz_Lab_SN_BW40MHz\Prueba_Siemens2\Test 2,iWLAN_5GHz_Lab_SN_BW40MHz,iPCF2_OFF_iWLAN,C:\Users\rarriaga\Documents\ipcf_2 analisis\ALL_SN_RESULTS_FINAL\per_configuration\iWLAN_5GHz_Lab_SN_BW40MHz
iWLAN,5GHz,Lab,SN,40,2,iperf_udp,2025-11-25 16:38:03.000,2025-11-25 16:41:03.000,180.0,120.0,240.0,controlled_udp_offered_rate,120.0,240.0,120.0,240.0,iperf3_udp_sender,OK_UDP_FFMPEG_MATCH,Reference load taken from rate-controlled UDP sender summary (120 Mbps/STA). ffmpeg target=120 Mbps/STA; difference=0.000% <= tolerance 2.000%. TCP is retained as achieved throughput and is not required to match the reference load.,0.0,120.0,120.0,100.0,100.0,120.0,106.0,0.098,11.0,120.0,120.0,240.0,120.0,120.0,120.0,106.0,D:\iWLAN_5GHz_Lab_SN_BW40MHz\Prueba_Siemens2\Test 2,iWLAN_5GHz_Lab_SN_BW40MHz,iPCF2_OFF_iWLAN,C:\Users\rarriaga\Documents\ipcf_2 analisis\ALL_SN_RESULTS_FINAL\per_configuration\iWLAN_5GHz_Lab_SN_BW40MHz
